id,row,col,cx,cy
C36L00,0,36,-380525.42,-1970806.641
C37L00,0,37,-330525.42,-1970806.641
C41L00,0,41,-130525.42,-1970806.641
C42L00,0,42,-80525.42,-1970806.641
C43L00,0,43,-30525.42,-1970806.641
C44L00,0,44,19474.58,-1970806.641
C45L00,0,45,69474.58,-1970806.641
C46L00,0,46,119474.58,-1970806.641
C34L01,1,34,-480525.42,-1920806.641
C35L01,1,35,-430525.42,-1920806.641
C36L01,1,36,-380525.42,-1920806.641
C37L01,1,37,-330525.42,-1920806.641
C38L01,1,38,-280525.42,-1920806.641
C39L01,1,39,-230525.42,-1920806.641
C40L01,1,40,-180525.42,-1920806.641
C41L01,1,41,-130525.42,-1920806.641
C42L01,1,42,-80525.42,-1920806.641
C43L01,1,43,-30525.42,-1920806.641
C44L01,1,44,19474.58,-1920806.641
C45L01,1,45,69474.58,-1920806.641
C34L02,2,34,-480525.42,-1870806.641
C35L02,2,35,-430525.42,-1870806.641
C36L02,2,36,-380525.42,-1870806.641
C37L02,2,37,-330525.42,-1870806.641
C38L02,2,38,-280525.42,-1870806.641
C39L02,2,39,-230525.42,-1870806.641
C40L02,2,40,-180525.42,-1870806.641
C41L02,2,41,-130525.42,-1870806.641
C42L02,2,42,-80525.42,-1870806.641
C43L02,2,43,-30525.42,-1870806.641
C44L02,2,44,19474.58,-1870806.641
C45L02,2,45,69474.58,-1870806.641
C46L02,2,46,119474.58,-1870806.641
C30L03,3,30,-680525.42,-1820806.641
C31L03,3,31,-630525.42,-1820806.641
C32L03,3,32,-580525.42,-1820806.641
C33L03,3,33,-530525.42,-1820806.641
C34L03,3,34,-480525.42,-1820806.641
C35L03,3,35,-430525.42,-1820806.641
C36L03,3,36,-380525.42,-1820806.641
C37L03,3,37,-330525.42,-1820806.641
C38L03,3,38,-280525.42,-1820806.641
C39L03,3,39,-230525.42,-1820806.641
C40L03,3,40,-180525.42,-1820806.641
C41L03,3,41,-130525.42,-1820806.641
C42L03,3,42,-80525.42,-1820806.641
C43L03,3,43,-30525.42,-1820806.641
C44L03,3,44,19474.58,-1820806.641
C45L03,3,45,69474.58,-1820806.641
C46L03,3,46,119474.58,-1820806.641
C47L03,3,47,169474.58,-1820806.641
C30L04,4,30,-680525.42,-1770806.641
C31L04,4,31,-630525.42,-1770806.641
C32L04,4,32,-580525.42,-1770806.641
C33L04,4,33,-530525.42,-1770806.641
C34L04,4,34,-480525.42,-1770806.641
C35L04,4,35,-430525.42,-1770806.641
C36L04,4,36,-380525.42,-1770806.641
C37L04,4,37,-330525.42,-1770806.641
C38L04,4,38,-280525.42,-1770806.641
C39L04,4,39,-230525.42,-1770806.641
C40L04,4,40,-180525.42,-1770806.641
C41L04,4,41,-130525.42,-1770806.641
C42L04,4,42,-80525.42,-1770806.641
C43L04,4,43,-30525.42,-1770806.641
C44L04,4,44,19474.58,-1770806.641
C45L04,4,45,69474.58,-1770806.641
C46L04,4,46,119474.58,-1770806.641
C47L04,4,47,169474.58,-1770806.641
C48L04,4,48,219474.58,-1770806.641
C30L05,5,30,-680525.42,-1720806.641
C31L05,5,31,-630525.42,-1720806.641
C32L05,5,32,-580525.42,-1720806.641
C33L05,5,33,-530525.42,-1720806.641
C34L05,5,34,-480525.42,-1720806.641
C35L05,5,35,-430525.42,-1720806.641
C36L05,5,36,-380525.42,-1720806.641
C37L05,5,37,-330525.42,-1720806.641
C38L05,5,38,-280525.42,-1720806.641
C39L05,5,39,-230525.42,-1720806.641
C40L05,5,40,-180525.42,-1720806.641
C41L05,5,41,-130525.42,-1720806.641
C42L05,5,42,-80525.42,-1720806.641
C43L05,5,43,-30525.42,-1720806.641
C44L05,5,44,19474.58,-1720806.641
C45L05,5,45,69474.58,-1720806.641
C46L05,5,46,119474.58,-1720806.641
C47L05,5,47,169474.58,-1720806.641
C48L05,5,48,219474.58,-1720806.641
C49L05,5,49,269474.58,-1720806.641
C29L06,6,29,-730525.42,-1670806.641
C30L06,6,30,-680525.42,-1670806.641
C31L06,6,31,-630525.42,-1670806.641
C32L06,6,32,-580525.42,-1670806.641
C33L06,6,33,-530525.42,-1670806.641
C34L06,6,34,-480525.42,-1670806.641
C35L06,6,35,-430525.42,-1670806.641
C36L06,6,36,-380525.42,-1670806.641
C37L06,6,37,-330525.42,-1670806.641
C38L06,6,38,-280525.42,-1670806.641
C39L06,6,39,-230525.42,-1670806.641
C40L06,6,40,-180525.42,-1670806.641
C41L06,6,41,-130525.42,-1670806.641
C42L06,6,42,-80525.42,-1670806.641
C43L06,6,43,-30525.42,-1670806.641
C44L06,6,44,19474.58,-1670806.641
C45L06,6,45,69474.58,-1670806.641
C46L06,6,46,119474.58,-1670806.641
C47L06,6,47,169474.58,-1670806.641
C48L06,6,48,219474.58,-1670806.641
C49L06,6,49,269474.58,-1670806.641
C50L06,6,50,319474.58,-1670806.641
C30L07,7,30,-680525.42,-1620806.641
C31L07,7,31,-630525.42,-1620806.641
C32L07,7,32,-580525.42,-1620806.641
C33L07,7,33,-530525.42,-1620806.641
C34L07,7,34,-480525.42,-1620806.641
C35L07,7,35,-430525.42,-1620806.641
C36L07,7,36,-380525.42,-1620806.641
C37L07,7,37,-330525.42,-1620806.641
C38L07,7,38,-280525.42,-1620806.641
C39L07,7,39,-230525.42,-1620806.641
C40L07,7,40,-180525.42,-1620806.641
C41L07,7,41,-130525.42,-1620806.641
C42L07,7,42,-80525.42,-1620806.641
C43L07,7,43,-30525.42,-1620806.641
C44L07,7,44,19474.58,-1620806.641
C45L07,7,45,69474.58,-1620806.641
C46L07,7,46,119474.58,-1620806.641
C47L07,7,47,169474.58,-1620806.641
C48L07,7,48,219474.58,-1620806.641
C49L07,7,49,269474.58,-1620806.641
C50L07,7,50,319474.58,-1620806.641
C30L08,8,30,-680525.42,-1570806.641
C31L08,8,31,-630525.42,-1570806.641
C32L08,8,32,-580525.42,-1570806.641
C33L08,8,33,-530525.42,-1570806.641
C34L08,8,34,-480525.42,-1570806.641
C35L08,8,35,-430525.42,-1570806.641
C36L08,8,36,-380525.42,-1570806.641
C37L08,8,37,-330525.42,-1570806.641
C38L08,8,38,-280525.42,-1570806.641
C39L08,8,39,-230525.42,-1570806.641
C40L08,8,40,-180525.42,-1570806.641
C41L08,8,41,-130525.42,-1570806.641
C42L08,8,42,-80525.42,-1570806.641
C43L08,8,43,-30525.42,-1570806.641
C44L08,8,44,19474.58,-1570806.641
C45L08,8,45,69474.58,-1570806.641
C46L08,8,46,119474.58,-1570806.641
C47L08,8,47,169474.58,-1570806.641
C48L08,8,48,219474.58,-1570806.641
C49L08,8,49,269474.58,-1570806.641
C50L08,8,50,319474.58,-1570806.641
C26L09,9,26,-880525.42,-1520806.641
C27L09,9,27,-830525.42,-1520806.641
C28L09,9,28,-780525.42,-1520806.641
C29L09,9,29,-730525.42,-1520806.641
C30L09,9,30,-680525.42,-1520806.641
C31L09,9,31,-630525.42,-1520806.641
C32L09,9,32,-580525.42,-1520806.641
C33L09,9,33,-530525.42,-1520806.641
C34L09,9,34,-480525.42,-1520806.641
C35L09,9,35,-430525.42,-1520806.641
C36L09,9,36,-380525.42,-1520806.641
C37L09,9,37,-330525.42,-1520806.641
C38L09,9,38,-280525.42,-1520806.641
C39L09,9,39,-230525.42,-1520806.641
C40L09,9,40,-180525.42,-1520806.641
C41L09,9,41,-130525.42,-1520806.641
C42L09,9,42,-80525.42,-1520806.641
C43L09,9,43,-30525.42,-1520806.641
C44L09,9,44,19474.58,-1520806.641
C45L09,9,45,69474.58,-1520806.641
C46L09,9,46,119474.58,-1520806.641
C47L09,9,47,169474.58,-1520806.641
C48L09,9,48,219474.58,-1520806.641
C49L09,9,49,269474.58,-1520806.641
C50L09,9,50,319474.58,-1520806.641
C51L09,9,51,369474.58,-1520806.641
C57L09,9,57,669474.58,-1520806.641
C24L10,10,24,-980525.42,-1470806.641
C25L10,10,25,-930525.42,-1470806.641
C26L10,10,26,-880525.42,-1470806.641
C27L10,10,27,-830525.42,-1470806.641
C28L10,10,28,-780525.42,-1470806.641
C29L10,10,29,-730525.42,-1470806.641
C30L10,10,30,-680525.42,-1470806.641
C31L10,10,31,-630525.42,-1470806.641
C32L10,10,32,-580525.42,-1470806.641
C33L10,10,33,-530525.42,-1470806.641
C34L10,10,34,-480525.42,-1470806.641
C35L10,10,35,-430525.42,-1470806.641
C36L10,10,36,-380525.42,-1470806.641
C37L10,10,37,-330525.42,-1470806.641
C38L10,10,38,-280525.42,-1470806.641
C39L10,10,39,-230525.42,-1470806.641
C40L10,10,40,-180525.42,-1470806.641
C41L10,10,41,-130525.42,-1470806.641
C42L10,10,42,-80525.42,-1470806.641
C43L10,10,43,-30525.42,-1470806.641
C44L10,10,44,19474.58,-1470806.641
C45L10,10,45,69474.58,-1470806.641
C46L10,10,46,119474.58,-1470806.641
C47L10,10,47,169474.58,-1470806.641
C48L10,10,48,219474.58,-1470806.641
C49L10,10,49,269474.58,-1470806.641
C50L10,10,50,319474.58,-1470806.641
C51L10,10,51,369474.58,-1470806.641
C53L10,10,53,469474.58,-1470806.641
C54L10,10,54,519474.58,-1470806.641
C55L10,10,55,569474.58,-1470806.641
C56L10,10,56,619474.58,-1470806.641
C57L10,10,57,669474.58,-1470806.641
C58L10,10,58,719474.58,-1470806.641
C59L10,10,59,769474.58,-1470806.641
C60L10,10,60,819474.58,-1470806.641
C61L10,10,61,869474.58,-1470806.641
C21L11,11,21,-1130525.42,-1420806.641
C22L11,11,22,-1080525.42,-1420806.641
C23L11,11,23,-1030525.42,-1420806.641
C24L11,11,24,-980525.42,-1420806.641
C25L11,11,25,-930525.42,-1420806.641
C26L11,11,26,-880525.42,-1420806.641
C27L11,11,27,-830525.42,-1420806.641
C28L11,11,28,-780525.42,-1420806.641
C29L11,11,29,-730525.42,-1420806.641
C30L11,11,30,-680525.42,-1420806.641
C31L11,11,31,-630525.42,-1420806.641
C32L11,11,32,-580525.42,-1420806.641
C33L11,11,33,-530525.42,-1420806.641
C34L11,11,34,-480525.42,-1420806.641
C35L11,11,35,-430525.42,-1420806.641
C36L11,11,36,-380525.42,-1420806.641
C37L11,11,37,-330525.42,-1420806.641
C38L11,11,38,-280525.42,-1420806.641
C39L11,11,39,-230525.42,-1420806.641
C40L11,11,40,-180525.42,-1420806.641
C41L11,11,41,-130525.42,-1420806.641
C42L11,11,42,-80525.42,-1420806.641
C43L11,11,43,-30525.42,-1420806.641
C44L11,11,44,19474.58,-1420806.641
C45L11,11,45,69474.58,-1420806.641
C46L11,11,46,119474.58,-1420806.641
C47L11,11,47,169474.58,-1420806.641
C48L11,11,48,219474.58,-1420806.641
C49L11,11,49,269474.58,-1420806.641
C50L11,11,50,319474.58,-1420806.641
C51L11,11,51,369474.58,-1420806.641
C52L11,11,52,419474.58,-1420806.641
C53L11,11,53,469474.58,-1420806.641
C54L11,11,54,519474.58,-1420806.641
C55L11,11,55,569474.58,-1420806.641
C56L11,11,56,619474.58,-1420806.641
C57L11,11,57,669474.58,-1420806.641
C58L11,11,58,719474.58,-1420806.641
C59L11,11,59,769474.58,-1420806.641
C60L11,11,60,819474.58,-1420806.641
C61L11,11,61,869474.58,-1420806.641
C20L12,12,20,-1180525.42,-1370806.641
C21L12,12,21,-1130525.42,-1370806.641
C22L12,12,22,-1080525.42,-1370806.641
C23L12,12,23,-1030525.42,-1370806.641
C24L12,12,24,-980525.42,-1370806.641
C25L12,12,25,-930525.42,-1370806.641
C26L12,12,26,-880525.42,-1370806.641
C27L12,12,27,-830525.42,-1370806.641
C28L12,12,28,-780525.42,-1370806.641
C29L12,12,29,-730525.42,-1370806.641
C30L12,12,30,-680525.42,-1370806.641
C31L12,12,31,-630525.42,-1370806.641
C32L12,12,32,-580525.42,-1370806.641
C33L12,12,33,-530525.42,-1370806.641
C34L12,12,34,-480525.42,-1370806.641
C35L12,12,35,-430525.42,-1370806.641
C36L12,12,36,-380525.42,-1370806.641
C37L12,12,37,-330525.42,-1370806.641
C38L12,12,38,-280525.42,-1370806.641
C39L12,12,39,-230525.42,-1370806.641
C40L12,12,40,-180525.42,-1370806.641
C41L12,12,41,-130525.42,-1370806.641
C42L12,12,42,-80525.42,-1370806.641
C43L12,12,43,-30525.42,-1370806.641
C44L12,12,44,19474.58,-1370806.641
C45L12,12,45,69474.58,-1370806.641
C46L12,12,46,119474.58,-1370806.641
C47L12,12,47,169474.58,-1370806.641
C48L12,12,48,219474.58,-1370806.641
C49L12,12,49,269474.58,-1370806.641
C50L12,12,50,319474.58,-1370806.641
C51L12,12,51,369474.58,-1370806.641
C52L12,12,52,419474.58,-1370806.641
C53L12,12,53,469474.58,-1370806.641
C54L12,12,54,519474.58,-1370806.641
C55L12,12,55,569474.58,-1370806.641
C56L12,12,56,619474.58,-1370806.641
C57L12,12,57,669474.58,-1370806.641
C58L12,12,58,719474.58,-1370806.641
C59L12,12,59,769474.58,-1370806.641
C60L12,12,60,819474.58,-1370806.641
C61L12,12,61,869474.58,-1370806.641
C19L13,13,19,-1230525.42,-1320806.641
C20L13,13,20,-1180525.42,-1320806.641
C21L13,13,21,-1130525.42,-1320806.641
C22L13,13,22,-1080525.42,-1320806.641
C23L13,13,23,-1030525.42,-1320806.641
C24L13,13,24,-980525.42,-1320806.641
C25L13,13,25,-930525.42,-1320806.641
C26L13,13,26,-880525.42,-1320806.641
C27L13,13,27,-830525.42,-1320806.641
C28L13,13,28,-780525.42,-1320806.641
C29L13,13,29,-730525.42,-1320806.641
C30L13,13,30,-680525.42,-1320806.641
C31L13,13,31,-630525.42,-1320806.641
C32L13,13,32,-580525.42,-1320806.641
C33L13,13,33,-530525.42,-1320806.641
C34L13,13,34,-480525.42,-1320806.641
C35L13,13,35,-430525.42,-1320806.641
C36L13,13,36,-380525.42,-1320806.641
C37L13,13,37,-330525.42,-1320806.641
C38L13,13,38,-280525.42,-1320806.641
C39L13,13,39,-230525.42,-1320806.641
C40L13,13,40,-180525.42,-1320806.641
C41L13,13,41,-130525.42,-1320806.641
C42L13,13,42,-80525.42,-1320806.641
C43L13,13,43,-30525.42,-1320806.641
C44L13,13,44,19474.58,-1320806.641
C45L13,13,45,69474.58,-1320806.641
C46L13,13,46,119474.58,-1320806.641
C47L13,13,47,169474.58,-1320806.641
C48L13,13,48,219474.58,-1320806.641
C49L13,13,49,269474.58,-1320806.641
C50L13,13,50,319474.58,-1320806.641
C51L13,13,51,369474.58,-1320806.641
C52L13,13,52,419474.58,-1320806.641
C53L13,13,53,469474.58,-1320806.641
C54L13,13,54,519474.58,-1320806.641
C55L13,13,55,569474.58,-1320806.641
C56L13,13,56,619474.58,-1320806.641
C57L13,13,57,669474.58,-1320806.641
C58L13,13,58,719474.58,-1320806.641
C59L13,13,59,769474.58,-1320806.641
C60L13,13,60,819474.58,-1320806.641
C61L13,13,61,869474.58,-1320806.641
C07L14,14,7,-1830525.42,-1270806.641
C08L14,14,8,-1780525.42,-1270806.641
C09L14,14,9,-1730525.42,-1270806.641
C10L14,14,10,-1680525.42,-1270806.641
C11L14,14,11,-1630525.42,-1270806.641
C12L14,14,12,-1580525.42,-1270806.641
C13L14,14,13,-1530525.42,-1270806.641
C19L14,14,19,-1230525.42,-1270806.641
C20L14,14,20,-1180525.42,-1270806.641
C21L14,14,21,-1130525.42,-1270806.641
C22L14,14,22,-1080525.42,-1270806.641
C23L14,14,23,-1030525.42,-1270806.641
C24L14,14,24,-980525.42,-1270806.641
C25L14,14,25,-930525.42,-1270806.641
C26L14,14,26,-880525.42,-1270806.641
C27L14,14,27,-830525.42,-1270806.641
C28L14,14,28,-780525.42,-1270806.641
C29L14,14,29,-730525.42,-1270806.641
C30L14,14,30,-680525.42,-1270806.641
C31L14,14,31,-630525.42,-1270806.641
C32L14,14,32,-580525.42,-1270806.641
C33L14,14,33,-530525.42,-1270806.641
C34L14,14,34,-480525.42,-1270806.641
C35L14,14,35,-430525.42,-1270806.641
C36L14,14,36,-380525.42,-1270806.641
C37L14,14,37,-330525.42,-1270806.641
C38L14,14,38,-280525.42,-1270806.641
C39L14,14,39,-230525.42,-1270806.641
C40L14,14,40,-180525.42,-1270806.641
C41L14,14,41,-130525.42,-1270806.641
C42L14,14,42,-80525.42,-1270806.641
C43L14,14,43,-30525.42,-1270806.641
C44L14,14,44,19474.58,-1270806.641
C45L14,14,45,69474.58,-1270806.641
C46L14,14,46,119474.58,-1270806.641
C47L14,14,47,169474.58,-1270806.641
C48L14,14,48,219474.58,-1270806.641
C49L14,14,49,269474.58,-1270806.641
C50L14,14,50,319474.58,-1270806.641
C51L14,14,51,369474.58,-1270806.641
C52L14,14,52,419474.58,-1270806.641
C53L14,14,53,469474.58,-1270806.641
C54L14,14,54,519474.58,-1270806.641
C55L14,14,55,569474.58,-1270806.641
C56L14,14,56,619474.58,-1270806.641
C57L14,14,57,669474.58,-1270806.641
C58L14,14,58,719474.58,-1270806.641
C59L14,14,59,769474.58,-1270806.641
C60L14,14,60,819474.58,-1270806.641
C61L14,14,61,869474.58,-1270806.641
C07L15,15,7,-1830525.42,-1220806.641
C08L15,15,8,-1780525.42,-1220806.641
C09L15,15,9,-1730525.42,-1220806.641
C10L15,15,10,-1680525.42,-1220806.641
C11L15,15,11,-1630525.42,-1220806.641
C12L15,15,12,-1580525.42,-1220806.641
C13L15,15,13,-1530525.42,-1220806.641
C14L15,15,14,-1480525.42,-1220806.641
C19L15,15,19,-1230525.42,-1220806.641
C20L15,15,20,-1180525.42,-1220806.641
C21L15,15,21,-1130525.42,-1220806.641
C22L15,15,22,-1080525.42,-1220806.641
C23L15,15,23,-1030525.42,-1220806.641
C24L15,15,24,-980525.42,-1220806.641
C25L15,15,25,-930525.42,-1220806.641
C26L15,15,26,-880525.42,-1220806.641
C27L15,15,27,-830525.42,-1220806.641
C28L15,15,28,-780525.42,-1220806.641
C29L15,15,29,-730525.42,-1220806.641
C30L15,15,30,-680525.42,-1220806.641
C31L15,15,31,-630525.42,-1220806.641
C32L15,15,32,-580525.42,-1220806.641
C33L15,15,33,-530525.42,-1220806.641
C34L15,15,34,-480525.42,-1220806.641
C35L15,15,35,-430525.42,-1220806.641
C36L15,15,36,-380525.42,-1220806.641
C37L15,15,37,-330525.42,-1220806.641
C38L15,15,38,-280525.42,-1220806.641
C39L15,15,39,-230525.42,-1220806.641
C40L15,15,40,-180525.42,-1220806.641
C41L15,15,41,-130525.42,-1220806.641
C42L15,15,42,-80525.42,-1220806.641
C43L15,15,43,-30525.42,-1220806.641
C44L15,15,44,19474.58,-1220806.641
C45L15,15,45,69474.58,-1220806.641
C46L15,15,46,119474.58,-1220806.641
C47L15,15,47,169474.58,-1220806.641
C48L15,15,48,219474.58,-1220806.641
C49L15,15,49,269474.58,-1220806.641
C50L15,15,50,319474.58,-1220806.641
C51L15,15,51,369474.58,-1220806.641
C52L15,15,52,419474.58,-1220806.641
C53L15,15,53,469474.58,-1220806.641
C54L15,15,54,519474.58,-1220806.641
C55L15,15,55,569474.58,-1220806.641
C56L15,15,56,619474.58,-1220806.641
C57L15,15,57,669474.58,-1220806.641
C58L15,15,58,719474.58,-1220806.641
C59L15,15,59,769474.58,-1220806.641
C60L15,15,60,819474.58,-1220806.641
C61L15,15,61,869474.58,-1220806.641
C04L16,16,4,-1980525.42,-1170806.641
C05L16,16,5,-1930525.42,-1170806.641
C06L16,16,6,-1880525.42,-1170806.641
C07L16,16,7,-1830525.42,-1170806.641
C08L16,16,8,-1780525.42,-1170806.641
C09L16,16,9,-1730525.42,-1170806.641
C10L16,16,10,-1680525.42,-1170806.641
C11L16,16,11,-1630525.42,-1170806.641
C12L16,16,12,-1580525.42,-1170806.641
C13L16,16,13,-1530525.42,-1170806.641
C14L16,16,14,-1480525.42,-1170806.641
C15L16,16,15,-1430525.42,-1170806.641
C19L16,16,19,-1230525.42,-1170806.641
C20L16,16,20,-1180525.42,-1170806.641
C21L16,16,21,-1130525.42,-1170806.641
C22L16,16,22,-1080525.42,-1170806.641
C23L16,16,23,-1030525.42,-1170806.641
C24L16,16,24,-980525.42,-1170806.641
C25L16,16,25,-930525.42,-1170806.641
C26L16,16,26,-880525.42,-1170806.641
C27L16,16,27,-830525.42,-1170806.641
C28L16,16,28,-780525.42,-1170806.641
C29L16,16,29,-730525.42,-1170806.641
C30L16,16,30,-680525.42,-1170806.641
C31L16,16,31,-630525.42,-1170806.641
C32L16,16,32,-580525.42,-1170806.641
C33L16,16,33,-530525.42,-1170806.641
C34L16,16,34,-480525.42,-1170806.641
C35L16,16,35,-430525.42,-1170806.641
C36L16,16,36,-380525.42,-1170806.641
C37L16,16,37,-330525.42,-1170806.641
C38L16,16,38,-280525.42,-1170806.641
C39L16,16,39,-230525.42,-1170806.641
C40L16,16,40,-180525.42,-1170806.641
C41L16,16,41,-130525.42,-1170806.641
C42L16,16,42,-80525.42,-1170806.641
C43L16,16,43,-30525.42,-1170806.641
C44L16,16,44,19474.58,-1170806.641
C45L16,16,45,69474.58,-1170806.641
C46L16,16,46,119474.58,-1170806.641
C47L16,16,47,169474.58,-1170806.641
C48L16,16,48,219474.58,-1170806.641
C49L16,16,49,269474.58,-1170806.641
C50L16,16,50,319474.58,-1170806.641
C51L16,16,51,369474.58,-1170806.641
C52L16,16,52,419474.58,-1170806.641
C53L16,16,53,469474.58,-1170806.641
C54L16,16,54,519474.58,-1170806.641
C55L16,16,55,569474.58,-1170806.641
C56L16,16,56,619474.58,-1170806.641
C57L16,16,57,669474.58,-1170806.641
C58L16,16,58,719474.58,-1170806.641
C59L16,16,59,769474.58,-1170806.641
C60L16,16,60,819474.58,-1170806.641
C61L16,16,61,869474.58,-1170806.641
C62L16,16,62,919474.58,-1170806.641
C01L17,17,1,-2130525.42,-1120806.641
C02L17,17,2,-2080525.42,-1120806.641
C03L17,17,3,-2030525.42,-1120806.641
C04L17,17,4,-1980525.42,-1120806.641
C05L17,17,5,-1930525.42,-1120806.641
C06L17,17,6,-1880525.42,-1120806.641
C07L17,17,7,-1830525.42,-1120806.641
C08L17,17,8,-1780525.42,-1120806.641
C09L17,17,9,-1730525.42,-1120806.641
C10L17,17,10,-1680525.42,-1120806.641
C11L17,17,11,-1630525.42,-1120806.641
C12L17,17,12,-1580525.42,-1120806.641
C13L17,17,13,-1530525.42,-1120806.641
C14L17,17,14,-1480525.42,-1120806.641
C15L17,17,15,-1430525.42,-1120806.641
C16L17,17,16,-1380525.42,-1120806.641
C17L17,17,17,-1330525.42,-1120806.641
C18L17,17,18,-1280525.42,-1120806.641
C19L17,17,19,-1230525.42,-1120806.641
C20L17,17,20,-1180525.42,-1120806.641
C21L17,17,21,-1130525.42,-1120806.641
C22L17,17,22,-1080525.42,-1120806.641
C23L17,17,23,-1030525.42,-1120806.641
C24L17,17,24,-980525.42,-1120806.641
C25L17,17,25,-930525.42,-1120806.641
C26L17,17,26,-880525.42,-1120806.641
C27L17,17,27,-830525.42,-1120806.641
C28L17,17,28,-780525.42,-1120806.641
C29L17,17,29,-730525.42,-1120806.641
C30L17,17,30,-680525.42,-1120806.641
C31L17,17,31,-630525.42,-1120806.641
C32L17,17,32,-580525.42,-1120806.641
C33L17,17,33,-530525.42,-1120806.641
C34L17,17,34,-480525.42,-1120806.641
C35L17,17,35,-430525.42,-1120806.641
C36L17,17,36,-380525.42,-1120806.641
C37L17,17,37,-330525.42,-1120806.641
C38L17,17,38,-280525.42,-1120806.641
C39L17,17,39,-230525.42,-1120806.641
C40L17,17,40,-180525.42,-1120806.641
C41L17,17,41,-130525.42,-1120806.641
C42L17,17,42,-80525.42,-1120806.641
C43L17,17,43,-30525.42,-1120806.641
C44L17,17,44,19474.58,-1120806.641
C45L17,17,45,69474.58,-1120806.641
C46L17,17,46,119474.58,-1120806.641
C47L17,17,47,169474.58,-1120806.641
C48L17,17,48,219474.58,-1120806.641
C49L17,17,49,269474.58,-1120806.641
C50L17,17,50,319474.58,-1120806.641
C51L17,17,51,369474.58,-1120806.641
C52L17,17,52,419474.58,-1120806.641
C53L17,17,53,469474.58,-1120806.641
C54L17,17,54,519474.58,-1120806.641
C55L17,17,55,569474.58,-1120806.641
C56L17,17,56,619474.58,-1120806.641
C57L17,17,57,669474.58,-1120806.641
C58L17,17,58,719474.58,-1120806.641
C59L17,17,59,769474.58,-1120806.641
C60L17,17,60,819474.58,-1120806.641
C61L17,17,61,869474.58,-1120806.641
C62L17,17,62,919474.58,-1120806.641
C01L18,18,1,-2130525.42,-1070806.641
C02L18,18,2,-2080525.42,-1070806.641
C03L18,18,3,-2030525.42,-1070806.641
C04L18,18,4,-1980525.42,-1070806.641
C05L18,18,5,-1930525.42,-1070806.641
C06L18,18,6,-1880525.42,-1070806.641
C07L18,18,7,-1830525.42,-1070806.641
C08L18,18,8,-1780525.42,-1070806.641
C09L18,18,9,-1730525.42,-1070806.641
C10L18,18,10,-1680525.42,-1070806.641
C11L18,18,11,-1630525.42,-1070806.641
C12L18,18,12,-1580525.42,-1070806.641
C13L18,18,13,-1530525.42,-1070806.641
C14L18,18,14,-1480525.42,-1070806.641
C15L18,18,15,-1430525.42,-1070806.641
C16L18,18,16,-1380525.42,-1070806.641
C17L18,18,17,-1330525.42,-1070806.641
C18L18,18,18,-1280525.42,-1070806.641
C19L18,18,19,-1230525.42,-1070806.641
C20L18,18,20,-1180525.42,-1070806.641
C21L18,18,21,-1130525.42,-1070806.641
C22L18,18,22,-1080525.42,-1070806.641
C23L18,18,23,-1030525.42,-1070806.641
C24L18,18,24,-980525.42,-1070806.641
C25L18,18,25,-930525.42,-1070806.641
C26L18,18,26,-880525.42,-1070806.641
C27L18,18,27,-830525.42,-1070806.641
C28L18,18,28,-780525.42,-1070806.641
C29L18,18,29,-730525.42,-1070806.641
C30L18,18,30,-680525.42,-1070806.641
C31L18,18,31,-630525.42,-1070806.641
C32L18,18,32,-580525.42,-1070806.641
C33L18,18,33,-530525.42,-1070806.641
C34L18,18,34,-480525.42,-1070806.641
C35L18,18,35,-430525.42,-1070806.641
C36L18,18,36,-380525.42,-1070806.641
C37L18,18,37,-330525.42,-1070806.641
C38L18,18,38,-280525.42,-1070806.641
C39L18,18,39,-230525.42,-1070806.641
C40L18,18,40,-180525.42,-1070806.641
C41L18,18,41,-130525.42,-1070806.641
C42L18,18,42,-80525.42,-1070806.641
C43L18,18,43,-30525.42,-1070806.641
C44L18,18,44,19474.58,-1070806.641
C45L18,18,45,69474.58,-1070806.641
C46L18,18,46,119474.58,-1070806.641
C47L18,18,47,169474.58,-1070806.641
C48L18,18,48,219474.58,-1070806.641
C49L18,18,49,269474.58,-1070806.641
C50L18,18,50,319474.58,-1070806.641
C51L18,18,51,369474.58,-1070806.641
C52L18,18,52,419474.58,-1070806.641
C53L18,18,53,469474.58,-1070806.641
C54L18,18,54,519474.58,-1070806.641
C55L18,18,55,569474.58,-1070806.641
C56L18,18,56,619474.58,-1070806.641
C57L18,18,57,669474.58,-1070806.641
C58L18,18,58,719474.58,-1070806.641
C59L18,18,59,769474.58,-1070806.641
C60L18,18,60,819474.58,-1070806.641
C61L18,18,61,869474.58,-1070806.641
C62L18,18,62,919474.58,-1070806.641
C01L19,19,1,-2130525.42,-1020806.641
C02L19,19,2,-2080525.42,-1020806.641
C03L19,19,3,-2030525.42,-1020806.641
C04L19,19,4,-1980525.42,-1020806.641
C05L19,19,5,-1930525.42,-1020806.641
C06L19,19,6,-1880525.42,-1020806.641
C07L19,19,7,-1830525.42,-1020806.641
C08L19,19,8,-1780525.42,-1020806.641
C09L19,19,9,-1730525.42,-1020806.641
C10L19,19,10,-1680525.42,-1020806.641
C11L19,19,11,-1630525.42,-1020806.641
C12L19,19,12,-1580525.42,-1020806.641
C13L19,19,13,-1530525.42,-1020806.641
C14L19,19,14,-1480525.42,-1020806.641
C15L19,19,15,-1430525.42,-1020806.641
C16L19,19,16,-1380525.42,-1020806.641
C17L19,19,17,-1330525.42,-1020806.641
C18L19,19,18,-1280525.42,-1020806.641
C19L19,19,19,-1230525.42,-1020806.641
C20L19,19,20,-1180525.42,-1020806.641
C21L19,19,21,-1130525.42,-1020806.641
C22L19,19,22,-1080525.42,-1020806.641
C23L19,19,23,-1030525.42,-1020806.641
C24L19,19,24,-980525.42,-1020806.641
C25L19,19,25,-930525.42,-1020806.641
C26L19,19,26,-880525.42,-1020806.641
C27L19,19,27,-830525.42,-1020806.641
C28L19,19,28,-780525.42,-1020806.641
C29L19,19,29,-730525.42,-1020806.641
C30L19,19,30,-680525.42,-1020806.641
C31L19,19,31,-630525.42,-1020806.641
C32L19,19,32,-580525.42,-1020806.641
C33L19,19,33,-530525.42,-1020806.641
C34L19,19,34,-480525.42,-1020806.641
C35L19,19,35,-430525.42,-1020806.641
C36L19,19,36,-380525.42,-1020806.641
C37L19,19,37,-330525.42,-1020806.641
C38L19,19,38,-280525.42,-1020806.641
C39L19,19,39,-230525.42,-1020806.641
C40L19,19,40,-180525.42,-1020806.641
C41L19,19,41,-130525.42,-1020806.641
C42L19,19,42,-80525.42,-1020806.641
C43L19,19,43,-30525.42,-1020806.641
C44L19,19,44,19474.58,-1020806.641
C45L19,19,45,69474.58,-1020806.641
C46L19,19,46,119474.58,-1020806.641
C47L19,19,47,169474.58,-1020806.641
C48L19,19,48,219474.58,-1020806.641
C49L19,19,49,269474.58,-1020806.641
C50L19,19,50,319474.58,-1020806.641
C51L19,19,51,369474.58,-1020806.641
C52L19,19,52,419474.58,-1020806.641
C53L19,19,53,469474.58,-1020806.641
C54L19,19,54,519474.58,-1020806.641
C55L19,19,55,569474.58,-1020806.641
C56L19,19,56,619474.58,-1020806.641
C57L19,19,57,669474.58,-1020806.641
C58L19,19,58,719474.58,-1020806.641
C59L19,19,59,769474.58,-1020806.641
C60L19,19,60,819474.58,-1020806.641
C61L19,19,61,869474.58,-1020806.641
C62L19,19,62,919474.58,-1020806.641
C00L20,20,0,-2180525.42,-970806.641
C01L20,20,1,-2130525.42,-970806.641
C02L20,20,2,-2080525.42,-970806.641
C03L20,20,3,-2030525.42,-970806.641
C04L20,20,4,-1980525.42,-970806.641
C05L20,20,5,-1930525.42,-970806.641
C06L20,20,6,-1880525.42,-970806.641
C07L20,20,7,-1830525.42,-970806.641
C08L20,20,8,-1780525.42,-970806.641
C09L20,20,9,-1730525.42,-970806.641
C10L20,20,10,-1680525.42,-970806.641
C11L20,20,11,-1630525.42,-970806.641
C12L20,20,12,-1580525.42,-970806.641
C13L20,20,13,-1530525.42,-970806.641
C14L20,20,14,-1480525.42,-970806.641
C15L20,20,15,-1430525.42,-970806.641
C16L20,20,16,-1380525.42,-970806.641
C17L20,20,17,-1330525.42,-970806.641
C18L20,20,18,-1280525.42,-970806.641
C19L20,20,19,-1230525.42,-970806.641
C20L20,20,20,-1180525.42,-970806.641
C21L20,20,21,-1130525.42,-970806.641
C22L20,20,22,-1080525.42,-970806.641
C23L20,20,23,-1030525.42,-970806.641
C24L20,20,24,-980525.42,-970806.641
C25L20,20,25,-930525.42,-970806.641
C26L20,20,26,-880525.42,-970806.641
C27L20,20,27,-830525.42,-970806.641
C28L20,20,28,-780525.42,-970806.641
C29L20,20,29,-730525.42,-970806.641
C30L20,20,30,-680525.42,-970806.641
C31L20,20,31,-630525.42,-970806.641
C32L20,20,32,-580525.42,-970806.641
C33L20,20,33,-530525.42,-970806.641
C34L20,20,34,-480525.42,-970806.641
C35L20,20,35,-430525.42,-970806.641
C36L20,20,36,-380525.42,-970806.641
C37L20,20,37,-330525.42,-970806.641
C38L20,20,38,-280525.42,-970806.641
C39L20,20,39,-230525.42,-970806.641
C40L20,20,40,-180525.42,-970806.641
C41L20,20,41,-130525.42,-970806.641
C42L20,20,42,-80525.42,-970806.641
C43L20,20,43,-30525.42,-970806.641
C44L20,20,44,19474.58,-970806.641
C45L20,20,45,69474.58,-970806.641
C46L20,20,46,119474.58,-970806.641
C47L20,20,47,169474.58,-970806.641
C48L20,20,48,219474.58,-970806.641
C49L20,20,49,269474.58,-970806.641
C50L20,20,50,319474.58,-970806.641
C51L20,20,51,369474.58,-970806.641
C52L20,20,52,419474.58,-970806.641
C53L20,20,53,469474.58,-970806.641
C54L20,20,54,519474.58,-970806.641
C55L20,20,55,569474.58,-970806.641
C56L20,20,56,619474.58,-970806.641
C57L20,20,57,669474.58,-970806.641
C58L20,20,58,719474.58,-970806.641
C59L20,20,59,769474.58,-970806.641
C60L20,20,60,819474.58,-970806.641
C61L20,20,61,869474.58,-970806.641
C62L20,20,62,919474.58,-970806.641
C00L21,21,0,-2180525.42,-920806.641
C01L21,21,1,-2130525.42,-920806.641
C02L21,21,2,-2080525.42,-920806.641
C03L21,21,3,-2030525.42,-920806.641
C04L21,21,4,-1980525.42,-920806.641
C05L21,21,5,-1930525.42,-920806.641
C06L21,21,6,-1880525.42,-920806.641
C07L21,21,7,-1830525.42,-920806.641
C08L21,21,8,-1780525.42,-920806.641
C09L21,21,9,-1730525.42,-920806.641
C10L21,21,10,-1680525.42,-920806.641
C11L21,21,11,-1630525.42,-920806.641
C12L21,21,12,-1580525.42,-920806.641
C13L21,21,13,-1530525.42,-920806.641
C14L21,21,14,-1480525.42,-920806.641
C15L21,21,15,-1430525.42,-920806.641
C16L21,21,16,-1380525.42,-920806.641
C17L21,21,17,-1330525.42,-920806.641
C18L21,21,18,-1280525.42,-920806.641
C19L21,21,19,-1230525.42,-920806.641
C20L21,21,20,-1180525.42,-920806.641
C21L21,21,21,-1130525.42,-920806.641
C22L21,21,22,-1080525.42,-920806.641
C23L21,21,23,-1030525.42,-920806.641
C24L21,21,24,-980525.42,-920806.641
C25L21,21,25,-930525.42,-920806.641
C26L21,21,26,-880525.42,-920806.641
C27L21,21,27,-830525.42,-920806.641
C28L21,21,28,-780525.42,-920806.641
C29L21,21,29,-730525.42,-920806.641
C30L21,21,30,-680525.42,-920806.641
C31L21,21,31,-630525.42,-920806.641
C32L21,21,32,-580525.42,-920806.641
C33L21,21,33,-530525.42,-920806.641
C34L21,21,34,-480525.42,-920806.641
C35L21,21,35,-430525.42,-920806.641
C36L21,21,36,-380525.42,-920806.641
C37L21,21,37,-330525.42,-920806.641
C38L21,21,38,-280525.42,-920806.641
C39L21,21,39,-230525.42,-920806.641
C40L21,21,40,-180525.42,-920806.641
C41L21,21,41,-130525.42,-920806.641
C42L21,21,42,-80525.42,-920806.641
C43L21,21,43,-30525.42,-920806.641
C44L21,21,44,19474.58,-920806.641
C45L21,21,45,69474.58,-920806.641
C46L21,21,46,119474.58,-920806.641
C47L21,21,47,169474.58,-920806.641
C48L21,21,48,219474.58,-920806.641
C49L21,21,49,269474.58,-920806.641
C50L21,21,50,319474.58,-920806.641
C51L21,21,51,369474.58,-920806.641
C52L21,21,52,419474.58,-920806.641
C53L21,21,53,469474.58,-920806.641
C54L21,21,54,519474.58,-920806.641
C55L21,21,55,569474.58,-920806.641
C56L21,21,56,619474.58,-920806.641
C57L21,21,57,669474.58,-920806.641
C58L21,21,58,719474.58,-920806.641
C59L21,21,59,769474.58,-920806.641
C60L21,21,60,819474.58,-920806.641
C61L21,21,61,869474.58,-920806.641
C62L21,21,62,919474.58,-920806.641
C00L22,22,0,-2180525.42,-870806.641
C01L22,22,1,-2130525.42,-870806.641
C02L22,22,2,-2080525.42,-870806.641
C03L22,22,3,-2030525.42,-870806.641
C04L22,22,4,-1980525.42,-870806.641
C05L22,22,5,-1930525.42,-870806.641
C06L22,22,6,-1880525.42,-870806.641
C07L22,22,7,-1830525.42,-870806.641
C08L22,22,8,-1780525.42,-870806.641
C09L22,22,9,-1730525.42,-870806.641
C10L22,22,10,-1680525.42,-870806.641
C11L22,22,11,-1630525.42,-870806.641
C12L22,22,12,-1580525.42,-870806.641
C13L22,22,13,-1530525.42,-870806.641
C14L22,22,14,-1480525.42,-870806.641
C15L22,22,15,-1430525.42,-870806.641
C16L22,22,16,-1380525.42,-870806.641
C17L22,22,17,-1330525.42,-870806.641
C18L22,22,18,-1280525.42,-870806.641
C19L22,22,19,-1230525.42,-870806.641
C20L22,22,20,-1180525.42,-870806.641
C21L22,22,21,-1130525.42,-870806.641
C22L22,22,22,-1080525.42,-870806.641
C23L22,22,23,-1030525.42,-870806.641
C24L22,22,24,-980525.42,-870806.641
C25L22,22,25,-930525.42,-870806.641
C26L22,22,26,-880525.42,-870806.641
C27L22,22,27,-830525.42,-870806.641
C28L22,22,28,-780525.42,-870806.641
C29L22,22,29,-730525.42,-870806.641
C30L22,22,30,-680525.42,-870806.641
C31L22,22,31,-630525.42,-870806.641
C32L22,22,32,-580525.42,-870806.641
C33L22,22,33,-530525.42,-870806.641
C34L22,22,34,-480525.42,-870806.641
C35L22,22,35,-430525.42,-870806.641
C36L22,22,36,-380525.42,-870806.641
C37L22,22,37,-330525.42,-870806.641
C38L22,22,38,-280525.42,-870806.641
C39L22,22,39,-230525.42,-870806.641
C40L22,22,40,-180525.42,-870806.641
C41L22,22,41,-130525.42,-870806.641
C42L22,22,42,-80525.42,-870806.641
C43L22,22,43,-30525.42,-870806.641
C44L22,22,44,19474.58,-870806.641
C45L22,22,45,69474.58,-870806.641
C46L22,22,46,119474.58,-870806.641
C47L22,22,47,169474.58,-870806.641
C48L22,22,48,219474.58,-870806.641
C49L22,22,49,269474.58,-870806.641
C50L22,22,50,319474.58,-870806.641
C51L22,22,51,369474.58,-870806.641
C52L22,22,52,419474.58,-870806.641
C53L22,22,53,469474.58,-870806.641
C54L22,22,54,519474.58,-870806.641
C55L22,22,55,569474.58,-870806.641
C56L22,22,56,619474.58,-870806.641
C57L22,22,57,669474.58,-870806.641
C58L22,22,58,719474.58,-870806.641
C59L22,22,59,769474.58,-870806.641
C60L22,22,60,819474.58,-870806.641
C61L22,22,61,869474.58,-870806.641
C62L22,22,62,919474.58,-870806.641
C63L22,22,63,969474.58,-870806.641
C00L23,23,0,-2180525.42,-820806.641
C01L23,23,1,-2130525.42,-820806.641
C02L23,23,2,-2080525.42,-820806.641
C03L23,23,3,-2030525.42,-820806.641
C04L23,23,4,-1980525.42,-820806.641
C05L23,23,5,-1930525.42,-820806.641
C06L23,23,6,-1880525.42,-820806.641
C07L23,23,7,-1830525.42,-820806.641
C08L23,23,8,-1780525.42,-820806.641
C09L23,23,9,-1730525.42,-820806.641
C10L23,23,10,-1680525.42,-820806.641
C11L23,23,11,-1630525.42,-820806.641
C12L23,23,12,-1580525.42,-820806.641
C13L23,23,13,-1530525.42,-820806.641
C14L23,23,14,-1480525.42,-820806.641
C15L23,23,15,-1430525.42,-820806.641
C16L23,23,16,-1380525.42,-820806.641
C17L23,23,17,-1330525.42,-820806.641
C18L23,23,18,-1280525.42,-820806.641
C19L23,23,19,-1230525.42,-820806.641
C20L23,23,20,-1180525.42,-820806.641
C21L23,23,21,-1130525.42,-820806.641
C22L23,23,22,-1080525.42,-820806.641
C23L23,23,23,-1030525.42,-820806.641
C24L23,23,24,-980525.42,-820806.641
C25L23,23,25,-930525.42,-820806.641
C26L23,23,26,-880525.42,-820806.641
C27L23,23,27,-830525.42,-820806.641
C28L23,23,28,-780525.42,-820806.641
C29L23,23,29,-730525.42,-820806.641
C30L23,23,30,-680525.42,-820806.641
C31L23,23,31,-630525.42,-820806.641
C32L23,23,32,-580525.42,-820806.641
C33L23,23,33,-530525.42,-820806.641
C34L23,23,34,-480525.42,-820806.641
C35L23,23,35,-430525.42,-820806.641
C36L23,23,36,-380525.42,-820806.641
C37L23,23,37,-330525.42,-820806.641
C38L23,23,38,-280525.42,-820806.641
C39L23,23,39,-230525.42,-820806.641
C40L23,23,40,-180525.42,-820806.641
C41L23,23,41,-130525.42,-820806.641
C42L23,23,42,-80525.42,-820806.641
C43L23,23,43,-30525.42,-820806.641
C44L23,23,44,19474.58,-820806.641
C45L23,23,45,69474.58,-820806.641
C46L23,23,46,119474.58,-820806.641
C47L23,23,47,169474.58,-820806.641
C48L23,23,48,219474.58,-820806.641
C49L23,23,49,269474.58,-820806.641
C50L23,23,50,319474.58,-820806.641
C51L23,23,51,369474.58,-820806.641
C52L23,23,52,419474.58,-820806.641
C53L23,23,53,469474.58,-820806.641
C54L23,23,54,519474.58,-820806.641
C55L23,23,55,569474.58,-820806.641
C56L23,23,56,619474.58,-820806.641
C57L23,23,57,669474.58,-820806.641
C58L23,23,58,719474.58,-820806.641
C59L23,23,59,769474.58,-820806.641
C60L23,23,60,819474.58,-820806.641
C61L23,23,61,869474.58,-820806.641
C62L23,23,62,919474.58,-820806.641
C63L23,23,63,969474.58,-820806.641
C64L23,23,64,1019474.58,-820806.641
C65L23,23,65,1069474.58,-820806.641
C00L24,24,0,-2180525.42,-770806.641
C01L24,24,1,-2130525.42,-770806.641
C02L24,24,2,-2080525.42,-770806.641
C03L24,24,3,-2030525.42,-770806.641
C04L24,24,4,-1980525.42,-770806.641
C05L24,24,5,-1930525.42,-770806.641
C06L24,24,6,-1880525.42,-770806.641
C07L24,24,7,-1830525.42,-770806.641
C08L24,24,8,-1780525.42,-770806.641
C09L24,24,9,-1730525.42,-770806.641
C10L24,24,10,-1680525.42,-770806.641
C11L24,24,11,-1630525.42,-770806.641
C12L24,24,12,-1580525.42,-770806.641
C13L24,24,13,-1530525.42,-770806.641
C14L24,24,14,-1480525.42,-770806.641
C15L24,24,15,-1430525.42,-770806.641
C16L24,24,16,-1380525.42,-770806.641
C17L24,24,17,-1330525.42,-770806.641
C18L24,24,18,-1280525.42,-770806.641
C19L24,24,19,-1230525.42,-770806.641
C20L24,24,20,-1180525.42,-770806.641
C21L24,24,21,-1130525.42,-770806.641
C22L24,24,22,-1080525.42,-770806.641
C23L24,24,23,-1030525.42,-770806.641
C24L24,24,24,-980525.42,-770806.641
C25L24,24,25,-930525.42,-770806.641
C26L24,24,26,-880525.42,-770806.641
C27L24,24,27,-830525.42,-770806.641
C28L24,24,28,-780525.42,-770806.641
C29L24,24,29,-730525.42,-770806.641
C30L24,24,30,-680525.42,-770806.641
C31L24,24,31,-630525.42,-770806.641
C32L24,24,32,-580525.42,-770806.641
C33L24,24,33,-530525.42,-770806.641
C34L24,24,34,-480525.42,-770806.641
C35L24,24,35,-430525.42,-770806.641
C36L24,24,36,-380525.42,-770806.641
C37L24,24,37,-330525.42,-770806.641
C38L24,24,38,-280525.42,-770806.641
C39L24,24,39,-230525.42,-770806.641
C40L24,24,40,-180525.42,-770806.641
C41L24,24,41,-130525.42,-770806.641
C42L24,24,42,-80525.42,-770806.641
C43L24,24,43,-30525.42,-770806.641
C44L24,24,44,19474.58,-770806.641
C45L24,24,45,69474.58,-770806.641
C46L24,24,46,119474.58,-770806.641
C47L24,24,47,169474.58,-770806.641
C48L24,24,48,219474.58,-770806.641
C49L24,24,49,269474.58,-770806.641
C50L24,24,50,319474.58,-770806.641
C51L24,24,51,369474.58,-770806.641
C52L24,24,52,419474.58,-770806.641
C53L24,24,53,469474.58,-770806.641
C54L24,24,54,519474.58,-770806.641
C55L24,24,55,569474.58,-770806.641
C56L24,24,56,619474.58,-770806.641
C57L24,24,57,669474.58,-770806.641
C58L24,24,58,719474.58,-770806.641
C59L24,24,59,769474.58,-770806.641
C60L24,24,60,819474.58,-770806.641
C61L24,24,61,869474.58,-770806.641
C62L24,24,62,919474.58,-770806.641
C63L24,24,63,969474.58,-770806.641
C64L24,24,64,1019474.58,-770806.641
C65L24,24,65,1069474.58,-770806.641
C66L24,24,66,1119474.58,-770806.641
C67L24,24,67,1169474.58,-770806.641
C68L24,24,68,1219474.58,-770806.641
C01L25,25,1,-2130525.42,-720806.641
C02L25,25,2,-2080525.42,-720806.641
C03L25,25,3,-2030525.42,-720806.641
C04L25,25,4,-1980525.42,-720806.641
C05L25,25,5,-1930525.42,-720806.641
C06L25,25,6,-1880525.42,-720806.641
C07L25,25,7,-1830525.42,-720806.641
C08L25,25,8,-1780525.42,-720806.641
C09L25,25,9,-1730525.42,-720806.641
C10L25,25,10,-1680525.42,-720806.641
C11L25,25,11,-1630525.42,-720806.641
C12L25,25,12,-1580525.42,-720806.641
C13L25,25,13,-1530525.42,-720806.641
C14L25,25,14,-1480525.42,-720806.641
C15L25,25,15,-1430525.42,-720806.641
C16L25,25,16,-1380525.42,-720806.641
C17L25,25,17,-1330525.42,-720806.641
C18L25,25,18,-1280525.42,-720806.641
C19L25,25,19,-1230525.42,-720806.641
C20L25,25,20,-1180525.42,-720806.641
C21L25,25,21,-1130525.42,-720806.641
C22L25,25,22,-1080525.42,-720806.641
C23L25,25,23,-1030525.42,-720806.641
C24L25,25,24,-980525.42,-720806.641
C25L25,25,25,-930525.42,-720806.641
C26L25,25,26,-880525.42,-720806.641
C27L25,25,27,-830525.42,-720806.641
C28L25,25,28,-780525.42,-720806.641
C29L25,25,29,-730525.42,-720806.641
C30L25,25,30,-680525.42,-720806.641
C31L25,25,31,-630525.42,-720806.641
C32L25,25,32,-580525.42,-720806.641
C33L25,25,33,-530525.42,-720806.641
C34L25,25,34,-480525.42,-720806.641
C35L25,25,35,-430525.42,-720806.641
C36L25,25,36,-380525.42,-720806.641
C37L25,25,37,-330525.42,-720806.641
C38L25,25,38,-280525.42,-720806.641
C39L25,25,39,-230525.42,-720806.641
C40L25,25,40,-180525.42,-720806.641
C41L25,25,41,-130525.42,-720806.641
C42L25,25,42,-80525.42,-720806.641
C43L25,25,43,-30525.42,-720806.641
C44L25,25,44,19474.58,-720806.641
C45L25,25,45,69474.58,-720806.641
C46L25,25,46,119474.58,-720806.641
C47L25,25,47,169474.58,-720806.641
C48L25,25,48,219474.58,-720806.641
C49L25,25,49,269474.58,-720806.641
C50L25,25,50,319474.58,-720806.641
C51L25,25,51,369474.58,-720806.641
C52L25,25,52,419474.58,-720806.641
C53L25,25,53,469474.58,-720806.641
C54L25,25,54,519474.58,-720806.641
C55L25,25,55,569474.58,-720806.641
C56L25,25,56,619474.58,-720806.641
C57L25,25,57,669474.58,-720806.641
C58L25,25,58,719474.58,-720806.641
C59L25,25,59,769474.58,-720806.641
C60L25,25,60,819474.58,-720806.641
C61L25,25,61,869474.58,-720806.641
C62L25,25,62,919474.58,-720806.641
C63L25,25,63,969474.58,-720806.641
C64L25,25,64,1019474.58,-720806.641
C65L25,25,65,1069474.58,-720806.641
C66L25,25,66,1119474.58,-720806.641
C67L25,25,67,1169474.58,-720806.641
C68L25,25,68,1219474.58,-720806.641
C01L26,26,1,-2130525.42,-670806.641
C02L26,26,2,-2080525.42,-670806.641
C03L26,26,3,-2030525.42,-670806.641
C04L26,26,4,-1980525.42,-670806.641
C05L26,26,5,-1930525.42,-670806.641
C06L26,26,6,-1880525.42,-670806.641
C07L26,26,7,-1830525.42,-670806.641
C08L26,26,8,-1780525.42,-670806.641
C09L26,26,9,-1730525.42,-670806.641
C10L26,26,10,-1680525.42,-670806.641
C11L26,26,11,-1630525.42,-670806.641
C12L26,26,12,-1580525.42,-670806.641
C13L26,26,13,-1530525.42,-670806.641
C14L26,26,14,-1480525.42,-670806.641
C15L26,26,15,-1430525.42,-670806.641
C16L26,26,16,-1380525.42,-670806.641
C17L26,26,17,-1330525.42,-670806.641
C18L26,26,18,-1280525.42,-670806.641
C19L26,26,19,-1230525.42,-670806.641
C20L26,26,20,-1180525.42,-670806.641
C21L26,26,21,-1130525.42,-670806.641
C22L26,26,22,-1080525.42,-670806.641
C23L26,26,23,-1030525.42,-670806.641
C24L26,26,24,-980525.42,-670806.641
C25L26,26,25,-930525.42,-670806.641
C26L26,26,26,-880525.42,-670806.641
C27L26,26,27,-830525.42,-670806.641
C28L26,26,28,-780525.42,-670806.641
C29L26,26,29,-730525.42,-670806.641
C30L26,26,30,-680525.42,-670806.641
C31L26,26,31,-630525.42,-670806.641
C32L26,26,32,-580525.42,-670806.641
C33L26,26,33,-530525.42,-670806.641
C34L26,26,34,-480525.42,-670806.641
C35L26,26,35,-430525.42,-670806.641
C36L26,26,36,-380525.42,-670806.641
C37L26,26,37,-330525.42,-670806.641
C38L26,26,38,-280525.42,-670806.641
C39L26,26,39,-230525.42,-670806.641
C40L26,26,40,-180525.42,-670806.641
C41L26,26,41,-130525.42,-670806.641
C42L26,26,42,-80525.42,-670806.641
C43L26,26,43,-30525.42,-670806.641
C44L26,26,44,19474.58,-670806.641
C45L26,26,45,69474.58,-670806.641
C46L26,26,46,119474.58,-670806.641
C47L26,26,47,169474.58,-670806.641
C48L26,26,48,219474.58,-670806.641
C49L26,26,49,269474.58,-670806.641
C50L26,26,50,319474.58,-670806.641
C51L26,26,51,369474.58,-670806.641
C52L26,26,52,419474.58,-670806.641
C53L26,26,53,469474.58,-670806.641
C54L26,26,54,519474.58,-670806.641
C55L26,26,55,569474.58,-670806.641
C56L26,26,56,619474.58,-670806.641
C57L26,26,57,669474.58,-670806.641
C58L26,26,58,719474.58,-670806.641
C59L26,26,59,769474.58,-670806.641
C60L26,26,60,819474.58,-670806.641
C61L26,26,61,869474.58,-670806.641
C62L26,26,62,919474.58,-670806.641
C63L26,26,63,969474.58,-670806.641
C64L26,26,64,1019474.58,-670806.641
C65L26,26,65,1069474.58,-670806.641
C66L26,26,66,1119474.58,-670806.641
C67L26,26,67,1169474.58,-670806.641
C68L26,26,68,1219474.58,-670806.641
C02L27,27,2,-2080525.42,-620806.641
C03L27,27,3,-2030525.42,-620806.641
C04L27,27,4,-1980525.42,-620806.641
C05L27,27,5,-1930525.42,-620806.641
C06L27,27,6,-1880525.42,-620806.641
C07L27,27,7,-1830525.42,-620806.641
C08L27,27,8,-1780525.42,-620806.641
C09L27,27,9,-1730525.42,-620806.641
C10L27,27,10,-1680525.42,-620806.641
C11L27,27,11,-1630525.42,-620806.641
C12L27,27,12,-1580525.42,-620806.641
C13L27,27,13,-1530525.42,-620806.641
C14L27,27,14,-1480525.42,-620806.641
C15L27,27,15,-1430525.42,-620806.641
C16L27,27,16,-1380525.42,-620806.641
C17L27,27,17,-1330525.42,-620806.641
C18L27,27,18,-1280525.42,-620806.641
C19L27,27,19,-1230525.42,-620806.641
C20L27,27,20,-1180525.42,-620806.641
C21L27,27,21,-1130525.42,-620806.641
C22L27,27,22,-1080525.42,-620806.641
C23L27,27,23,-1030525.42,-620806.641
C24L27,27,24,-980525.42,-620806.641
C25L27,27,25,-930525.42,-620806.641
C26L27,27,26,-880525.42,-620806.641
C27L27,27,27,-830525.42,-620806.641
C28L27,27,28,-780525.42,-620806.641
C29L27,27,29,-730525.42,-620806.641
C30L27,27,30,-680525.42,-620806.641
C31L27,27,31,-630525.42,-620806.641
C32L27,27,32,-580525.42,-620806.641
C33L27,27,33,-530525.42,-620806.641
C34L27,27,34,-480525.42,-620806.641
C35L27,27,35,-430525.42,-620806.641
C36L27,27,36,-380525.42,-620806.641
C37L27,27,37,-330525.42,-620806.641
C38L27,27,38,-280525.42,-620806.641
C39L27,27,39,-230525.42,-620806.641
C40L27,27,40,-180525.42,-620806.641
C41L27,27,41,-130525.42,-620806.641
C42L27,27,42,-80525.42,-620806.641
C43L27,27,43,-30525.42,-620806.641
C44L27,27,44,19474.58,-620806.641
C45L27,27,45,69474.58,-620806.641
C46L27,27,46,119474.58,-620806.641
C47L27,27,47,169474.58,-620806.641
C48L27,27,48,219474.58,-620806.641
C49L27,27,49,269474.58,-620806.641
C50L27,27,50,319474.58,-620806.641
C51L27,27,51,369474.58,-620806.641
C52L27,27,52,419474.58,-620806.641
C53L27,27,53,469474.58,-620806.641
C54L27,27,54,519474.58,-620806.641
C55L27,27,55,569474.58,-620806.641
C56L27,27,56,619474.58,-620806.641
C57L27,27,57,669474.58,-620806.641
C58L27,27,58,719474.58,-620806.641
C59L27,27,59,769474.58,-620806.641
C60L27,27,60,819474.58,-620806.641
C61L27,27,61,869474.58,-620806.641
C62L27,27,62,919474.58,-620806.641
C63L27,27,63,969474.58,-620806.641
C64L27,27,64,1019474.58,-620806.641
C65L27,27,65,1069474.58,-620806.641
C66L27,27,66,1119474.58,-620806.641
C67L27,27,67,1169474.58,-620806.641
C68L27,27,68,1219474.58,-620806.641
C02L28,28,2,-2080525.42,-570806.641
C03L28,28,3,-2030525.42,-570806.641
C04L28,28,4,-1980525.42,-570806.641
C05L28,28,5,-1930525.42,-570806.641
C06L28,28,6,-1880525.42,-570806.641
C07L28,28,7,-1830525.42,-570806.641
C08L28,28,8,-1780525.42,-570806.641
C09L28,28,9,-1730525.42,-570806.641
C10L28,28,10,-1680525.42,-570806.641
C11L28,28,11,-1630525.42,-570806.641
C12L28,28,12,-1580525.42,-570806.641
C13L28,28,13,-1530525.42,-570806.641
C14L28,28,14,-1480525.42,-570806.641
C15L28,28,15,-1430525.42,-570806.641
C16L28,28,16,-1380525.42,-570806.641
C17L28,28,17,-1330525.42,-570806.641
C18L28,28,18,-1280525.42,-570806.641
C19L28,28,19,-1230525.42,-570806.641
C20L28,28,20,-1180525.42,-570806.641
C21L28,28,21,-1130525.42,-570806.641
C22L28,28,22,-1080525.42,-570806.641
C23L28,28,23,-1030525.42,-570806.641
C24L28,28,24,-980525.42,-570806.641
C25L28,28,25,-930525.42,-570806.641
C26L28,28,26,-880525.42,-570806.641
C27L28,28,27,-830525.42,-570806.641
C28L28,28,28,-780525.42,-570806.641
C29L28,28,29,-730525.42,-570806.641
C30L28,28,30,-680525.42,-570806.641
C31L28,28,31,-630525.42,-570806.641
C32L28,28,32,-580525.42,-570806.641
C33L28,28,33,-530525.42,-570806.641
C34L28,28,34,-480525.42,-570806.641
C35L28,28,35,-430525.42,-570806.641
C36L28,28,36,-380525.42,-570806.641
C37L28,28,37,-330525.42,-570806.641
C38L28,28,38,-280525.42,-570806.641
C39L28,28,39,-230525.42,-570806.641
C40L28,28,40,-180525.42,-570806.641
C41L28,28,41,-130525.42,-570806.641
C42L28,28,42,-80525.42,-570806.641
C43L28,28,43,-30525.42,-570806.641
C44L28,28,44,19474.58,-570806.641
C45L28,28,45,69474.58,-570806.641
C46L28,28,46,119474.58,-570806.641
C47L28,28,47,169474.58,-570806.641
C48L28,28,48,219474.58,-570806.641
C49L28,28,49,269474.58,-570806.641
C50L28,28,50,319474.58,-570806.641
C51L28,28,51,369474.58,-570806.641
C52L28,28,52,419474.58,-570806.641
C53L28,28,53,469474.58,-570806.641
C54L28,28,54,519474.58,-570806.641
C55L28,28,55,569474.58,-570806.641
C56L28,28,56,619474.58,-570806.641
C57L28,28,57,669474.58,-570806.641
C58L28,28,58,719474.58,-570806.641
C59L28,28,59,769474.58,-570806.641
C60L28,28,60,819474.58,-570806.641
C61L28,28,61,869474.58,-570806.641
C62L28,28,62,919474.58,-570806.641
C63L28,28,63,969474.58,-570806.641
C64L28,28,64,1019474.58,-570806.641
C65L28,28,65,1069474.58,-570806.641
C66L28,28,66,1119474.58,-570806.641
C67L28,28,67,1169474.58,-570806.641
C68L28,28,68,1219474.58,-570806.641
C03L29,29,3,-2030525.42,-520806.641
C04L29,29,4,-1980525.42,-520806.641
C05L29,29,5,-1930525.42,-520806.641
C06L29,29,6,-1880525.42,-520806.641
C07L29,29,7,-1830525.42,-520806.641
C08L29,29,8,-1780525.42,-520806.641
C09L29,29,9,-1730525.42,-520806.641
C10L29,29,10,-1680525.42,-520806.641
C11L29,29,11,-1630525.42,-520806.641
C12L29,29,12,-1580525.42,-520806.641
C13L29,29,13,-1530525.42,-520806.641
C14L29,29,14,-1480525.42,-520806.641
C15L29,29,15,-1430525.42,-520806.641
C16L29,29,16,-1380525.42,-520806.641
C17L29,29,17,-1330525.42,-520806.641
C18L29,29,18,-1280525.42,-520806.641
C19L29,29,19,-1230525.42,-520806.641
C20L29,29,20,-1180525.42,-520806.641
C21L29,29,21,-1130525.42,-520806.641
C22L29,29,22,-1080525.42,-520806.641
C23L29,29,23,-1030525.42,-520806.641
C24L29,29,24,-980525.42,-520806.641
C25L29,29,25,-930525.42,-520806.641
C26L29,29,26,-880525.42,-520806.641
C27L29,29,27,-830525.42,-520806.641
C28L29,29,28,-780525.42,-520806.641
C29L29,29,29,-730525.42,-520806.641
C30L29,29,30,-680525.42,-520806.641
C31L29,29,31,-630525.42,-520806.641
C32L29,29,32,-580525.42,-520806.641
C33L29,29,33,-530525.42,-520806.641
C34L29,29,34,-480525.42,-520806.641
C35L29,29,35,-430525.42,-520806.641
C36L29,29,36,-380525.42,-520806.641
C37L29,29,37,-330525.42,-520806.641
C38L29,29,38,-280525.42,-520806.641
C39L29,29,39,-230525.42,-520806.641
C40L29,29,40,-180525.42,-520806.641
C41L29,29,41,-130525.42,-520806.641
C42L29,29,42,-80525.42,-520806.641
C43L29,29,43,-30525.42,-520806.641
C44L29,29,44,19474.58,-520806.641
C45L29,29,45,69474.58,-520806.641
C46L29,29,46,119474.58,-520806.641
C47L29,29,47,169474.58,-520806.641
C48L29,29,48,219474.58,-520806.641
C49L29,29,49,269474.58,-520806.641
C50L29,29,50,319474.58,-520806.641
C51L29,29,51,369474.58,-520806.641
C52L29,29,52,419474.58,-520806.641
C53L29,29,53,469474.58,-520806.641
C54L29,29,54,519474.58,-520806.641
C55L29,29,55,569474.58,-520806.641
C56L29,29,56,619474.58,-520806.641
C57L29,29,57,669474.58,-520806.641
C58L29,29,58,719474.58,-520806.641
C59L29,29,59,769474.58,-520806.641
C60L29,29,60,819474.58,-520806.641
C61L29,29,61,869474.58,-520806.641
C62L29,29,62,919474.58,-520806.641
C63L29,29,63,969474.58,-520806.641
C64L29,29,64,1019474.58,-520806.641
C65L29,29,65,1069474.58,-520806.641
C66L29,29,66,1119474.58,-520806.641
C67L29,29,67,1169474.58,-520806.641
C68L29,29,68,1219474.58,-520806.641
C06L30,30,6,-1880525.42,-470806.641
C07L30,30,7,-1830525.42,-470806.641
C08L30,30,8,-1780525.42,-470806.641
C09L30,30,9,-1730525.42,-470806.641
C10L30,30,10,-1680525.42,-470806.641
C11L30,30,11,-1630525.42,-470806.641
C12L30,30,12,-1580525.42,-470806.641
C13L30,30,13,-1530525.42,-470806.641
C14L30,30,14,-1480525.42,-470806.641
C15L30,30,15,-1430525.42,-470806.641
C16L30,30,16,-1380525.42,-470806.641
C17L30,30,17,-1330525.42,-470806.641
C18L30,30,18,-1280525.42,-470806.641
C19L30,30,19,-1230525.42,-470806.641
C20L30,30,20,-1180525.42,-470806.641
C21L30,30,21,-1130525.42,-470806.641
C22L30,30,22,-1080525.42,-470806.641
C23L30,30,23,-1030525.42,-470806.641
C24L30,30,24,-980525.42,-470806.641
C25L30,30,25,-930525.42,-470806.641
C26L30,30,26,-880525.42,-470806.641
C27L30,30,27,-830525.42,-470806.641
C28L30,30,28,-780525.42,-470806.641
C29L30,30,29,-730525.42,-470806.641
C30L30,30,30,-680525.42,-470806.641
C31L30,30,31,-630525.42,-470806.641
C32L30,30,32,-580525.42,-470806.641
C33L30,30,33,-530525.42,-470806.641
C34L30,30,34,-480525.42,-470806.641
C35L30,30,35,-430525.42,-470806.641
C36L30,30,36,-380525.42,-470806.641
C37L30,30,37,-330525.42,-470806.641
C38L30,30,38,-280525.42,-470806.641
C39L30,30,39,-230525.42,-470806.641
C40L30,30,40,-180525.42,-470806.641
C41L30,30,41,-130525.42,-470806.641
C42L30,30,42,-80525.42,-470806.641
C43L30,30,43,-30525.42,-470806.641
C44L30,30,44,19474.58,-470806.641
C45L30,30,45,69474.58,-470806.641
C46L30,30,46,119474.58,-470806.641
C47L30,30,47,169474.58,-470806.641
C48L30,30,48,219474.58,-470806.641
C49L30,30,49,269474.58,-470806.641
C50L30,30,50,319474.58,-470806.641
C51L30,30,51,369474.58,-470806.641
C52L30,30,52,419474.58,-470806.641
C53L30,30,53,469474.58,-470806.641
C54L30,30,54,519474.58,-470806.641
C55L30,30,55,569474.58,-470806.641
C56L30,30,56,619474.58,-470806.641
C57L30,30,57,669474.58,-470806.641
C58L30,30,58,719474.58,-470806.641
C59L30,30,59,769474.58,-470806.641
C60L30,30,60,819474.58,-470806.641
C61L30,30,61,869474.58,-470806.641
C62L30,30,62,919474.58,-470806.641
C63L30,30,63,969474.58,-470806.641
C64L30,30,64,1019474.58,-470806.641
C65L30,30,65,1069474.58,-470806.641
C66L30,30,66,1119474.58,-470806.641
C67L30,30,67,1169474.58,-470806.641
C68L30,30,68,1219474.58,-470806.641
C69L30,30,69,1269474.58,-470806.641
C08L31,31,8,-1780525.42,-420806.641
C09L31,31,9,-1730525.42,-420806.641
C10L31,31,10,-1680525.42,-420806.641
C11L31,31,11,-1630525.42,-420806.641
C12L31,31,12,-1580525.42,-420806.641
C13L31,31,13,-1530525.42,-420806.641
C14L31,31,14,-1480525.42,-420806.641
C15L31,31,15,-1430525.42,-420806.641
C16L31,31,16,-1380525.42,-420806.641
C17L31,31,17,-1330525.42,-420806.641
C18L31,31,18,-1280525.42,-420806.641
C19L31,31,19,-1230525.42,-420806.641
C20L31,31,20,-1180525.42,-420806.641
C21L31,31,21,-1130525.42,-420806.641
C22L31,31,22,-1080525.42,-420806.641
C23L31,31,23,-1030525.42,-420806.641
C24L31,31,24,-980525.42,-420806.641
C25L31,31,25,-930525.42,-420806.641
C26L31,31,26,-880525.42,-420806.641
C27L31,31,27,-830525.42,-420806.641
C28L31,31,28,-780525.42,-420806.641
C29L31,31,29,-730525.42,-420806.641
C30L31,31,30,-680525.42,-420806.641
C31L31,31,31,-630525.42,-420806.641
C32L31,31,32,-580525.42,-420806.641
C33L31,31,33,-530525.42,-420806.641
C34L31,31,34,-480525.42,-420806.641
C35L31,31,35,-430525.42,-420806.641
C36L31,31,36,-380525.42,-420806.641
C37L31,31,37,-330525.42,-420806.641
C38L31,31,38,-280525.42,-420806.641
C39L31,31,39,-230525.42,-420806.641
C40L31,31,40,-180525.42,-420806.641
C41L31,31,41,-130525.42,-420806.641
C42L31,31,42,-80525.42,-420806.641
C43L31,31,43,-30525.42,-420806.641
C44L31,31,44,19474.58,-420806.641
C45L31,31,45,69474.58,-420806.641
C46L31,31,46,119474.58,-420806.641
C47L31,31,47,169474.58,-420806.641
C48L31,31,48,219474.58,-420806.641
C49L31,31,49,269474.58,-420806.641
C50L31,31,50,319474.58,-420806.641
C51L31,31,51,369474.58,-420806.641
C52L31,31,52,419474.58,-420806.641
C53L31,31,53,469474.58,-420806.641
C54L31,31,54,519474.58,-420806.641
C55L31,31,55,569474.58,-420806.641
C56L31,31,56,619474.58,-420806.641
C57L31,31,57,669474.58,-420806.641
C58L31,31,58,719474.58,-420806.641
C59L31,31,59,769474.58,-420806.641
C60L31,31,60,819474.58,-420806.641
C61L31,31,61,869474.58,-420806.641
C62L31,31,62,919474.58,-420806.641
C63L31,31,63,969474.58,-420806.641
C64L31,31,64,1019474.58,-420806.641
C65L31,31,65,1069474.58,-420806.641
C66L31,31,66,1119474.58,-420806.641
C67L31,31,67,1169474.58,-420806.641
C68L31,31,68,1219474.58,-420806.641
C69L31,31,69,1269474.58,-420806.641
C09L32,32,9,-1730525.42,-370806.641
C10L32,32,10,-1680525.42,-370806.641
C11L32,32,11,-1630525.42,-370806.641
C12L32,32,12,-1580525.42,-370806.641
C13L32,32,13,-1530525.42,-370806.641
C14L32,32,14,-1480525.42,-370806.641
C15L32,32,15,-1430525.42,-370806.641
C16L32,32,16,-1380525.42,-370806.641
C17L32,32,17,-1330525.42,-370806.641
C18L32,32,18,-1280525.42,-370806.641
C19L32,32,19,-1230525.42,-370806.641
C20L32,32,20,-1180525.42,-370806.641
C21L32,32,21,-1130525.42,-370806.641
C22L32,32,22,-1080525.42,-370806.641
C23L32,32,23,-1030525.42,-370806.641
C24L32,32,24,-980525.42,-370806.641
C25L32,32,25,-930525.42,-370806.641
C26L32,32,26,-880525.42,-370806.641
C27L32,32,27,-830525.42,-370806.641
C28L32,32,28,-780525.42,-370806.641
C29L32,32,29,-730525.42,-370806.641
C30L32,32,30,-680525.42,-370806.641
C31L32,32,31,-630525.42,-370806.641
C32L32,32,32,-580525.42,-370806.641
C33L32,32,33,-530525.42,-370806.641
C34L32,32,34,-480525.42,-370806.641
C35L32,32,35,-430525.42,-370806.641
C36L32,32,36,-380525.42,-370806.641
C37L32,32,37,-330525.42,-370806.641
C38L32,32,38,-280525.42,-370806.641
C39L32,32,39,-230525.42,-370806.641
C40L32,32,40,-180525.42,-370806.641
C41L32,32,41,-130525.42,-370806.641
C42L32,32,42,-80525.42,-370806.641
C43L32,32,43,-30525.42,-370806.641
C44L32,32,44,19474.58,-370806.641
C45L32,32,45,69474.58,-370806.641
C46L32,32,46,119474.58,-370806.641
C47L32,32,47,169474.58,-370806.641
C48L32,32,48,219474.58,-370806.641
C49L32,32,49,269474.58,-370806.641
C50L32,32,50,319474.58,-370806.641
C51L32,32,51,369474.58,-370806.641
C52L32,32,52,419474.58,-370806.641
C53L32,32,53,469474.58,-370806.641
C54L32,32,54,519474.58,-370806.641
C55L32,32,55,569474.58,-370806.641
C56L32,32,56,619474.58,-370806.641
C57L32,32,57,669474.58,-370806.641
C58L32,32,58,719474.58,-370806.641
C59L32,32,59,769474.58,-370806.641
C60L32,32,60,819474.58,-370806.641
C61L32,32,61,869474.58,-370806.641
C62L32,32,62,919474.58,-370806.641
C63L32,32,63,969474.58,-370806.641
C64L32,32,64,1019474.58,-370806.641
C65L32,32,65,1069474.58,-370806.641
C66L32,32,66,1119474.58,-370806.641
C67L32,32,67,1169474.58,-370806.641
C68L32,32,68,1219474.58,-370806.641
C69L32,32,69,1269474.58,-370806.641
C70L32,32,70,1319474.58,-370806.641
C71L32,32,71,1369474.58,-370806.641
C09L33,33,9,-1730525.42,-320806.641
C10L33,33,10,-1680525.42,-320806.641
C11L33,33,11,-1630525.42,-320806.641
C12L33,33,12,-1580525.42,-320806.641
C13L33,33,13,-1530525.42,-320806.641
C14L33,33,14,-1480525.42,-320806.641
C15L33,33,15,-1430525.42,-320806.641
C16L33,33,16,-1380525.42,-320806.641
C17L33,33,17,-1330525.42,-320806.641
C18L33,33,18,-1280525.42,-320806.641
C19L33,33,19,-1230525.42,-320806.641
C20L33,33,20,-1180525.42,-320806.641
C21L33,33,21,-1130525.42,-320806.641
C22L33,33,22,-1080525.42,-320806.641
C23L33,33,23,-1030525.42,-320806.641
C24L33,33,24,-980525.42,-320806.641
C25L33,33,25,-930525.42,-320806.641
C26L33,33,26,-880525.42,-320806.641
C27L33,33,27,-830525.42,-320806.641
C28L33,33,28,-780525.42,-320806.641
C29L33,33,29,-730525.42,-320806.641
C30L33,33,30,-680525.42,-320806.641
C31L33,33,31,-630525.42,-320806.641
C32L33,33,32,-580525.42,-320806.641
C33L33,33,33,-530525.42,-320806.641
C34L33,33,34,-480525.42,-320806.641
C35L33,33,35,-430525.42,-320806.641
C36L33,33,36,-380525.42,-320806.641
C37L33,33,37,-330525.42,-320806.641
C38L33,33,38,-280525.42,-320806.641
C39L33,33,39,-230525.42,-320806.641
C40L33,33,40,-180525.42,-320806.641
C41L33,33,41,-130525.42,-320806.641
C42L33,33,42,-80525.42,-320806.641
C43L33,33,43,-30525.42,-320806.641
C44L33,33,44,19474.58,-320806.641
C45L33,33,45,69474.58,-320806.641
C46L33,33,46,119474.58,-320806.641
C47L33,33,47,169474.58,-320806.641
C48L33,33,48,219474.58,-320806.641
C49L33,33,49,269474.58,-320806.641
C50L33,33,50,319474.58,-320806.641
C51L33,33,51,369474.58,-320806.641
C52L33,33,52,419474.58,-320806.641
C53L33,33,53,469474.58,-320806.641
C54L33,33,54,519474.58,-320806.641
C55L33,33,55,569474.58,-320806.641
C56L33,33,56,619474.58,-320806.641
C57L33,33,57,669474.58,-320806.641
C58L33,33,58,719474.58,-320806.641
C59L33,33,59,769474.58,-320806.641
C60L33,33,60,819474.58,-320806.641
C61L33,33,61,869474.58,-320806.641
C62L33,33,62,919474.58,-320806.641
C63L33,33,63,969474.58,-320806.641
C64L33,33,64,1019474.58,-320806.641
C65L33,33,65,1069474.58,-320806.641
C66L33,33,66,1119474.58,-320806.641
C67L33,33,67,1169474.58,-320806.641
C68L33,33,68,1219474.58,-320806.641
C69L33,33,69,1269474.58,-320806.641
C70L33,33,70,1319474.58,-320806.641
C71L33,33,71,1369474.58,-320806.641
C09L34,34,9,-1730525.42,-270806.641
C10L34,34,10,-1680525.42,-270806.641
C11L34,34,11,-1630525.42,-270806.641
C12L34,34,12,-1580525.42,-270806.641
C13L34,34,13,-1530525.42,-270806.641
C14L34,34,14,-1480525.42,-270806.641
C15L34,34,15,-1430525.42,-270806.641
C16L34,34,16,-1380525.42,-270806.641
C17L34,34,17,-1330525.42,-270806.641
C18L34,34,18,-1280525.42,-270806.641
C19L34,34,19,-1230525.42,-270806.641
C20L34,34,20,-1180525.42,-270806.641
C21L34,34,21,-1130525.42,-270806.641
C22L34,34,22,-1080525.42,-270806.641
C23L34,34,23,-1030525.42,-270806.641
C24L34,34,24,-980525.42,-270806.641
C25L34,34,25,-930525.42,-270806.641
C26L34,34,26,-880525.42,-270806.641
C27L34,34,27,-830525.42,-270806.641
C28L34,34,28,-780525.42,-270806.641
C29L34,34,29,-730525.42,-270806.641
C30L34,34,30,-680525.42,-270806.641
C31L34,34,31,-630525.42,-270806.641
C32L34,34,32,-580525.42,-270806.641
C33L34,34,33,-530525.42,-270806.641
C34L34,34,34,-480525.42,-270806.641
C35L34,34,35,-430525.42,-270806.641
C36L34,34,36,-380525.42,-270806.641
C37L34,34,37,-330525.42,-270806.641
C38L34,34,38,-280525.42,-270806.641
C39L34,34,39,-230525.42,-270806.641
C40L34,34,40,-180525.42,-270806.641
C41L34,34,41,-130525.42,-270806.641
C42L34,34,42,-80525.42,-270806.641
C43L34,34,43,-30525.42,-270806.641
C44L34,34,44,19474.58,-270806.641
C45L34,34,45,69474.58,-270806.641
C46L34,34,46,119474.58,-270806.641
C47L34,34,47,169474.58,-270806.641
C48L34,34,48,219474.58,-270806.641
C49L34,34,49,269474.58,-270806.641
C50L34,34,50,319474.58,-270806.641
C51L34,34,51,369474.58,-270806.641
C52L34,34,52,419474.58,-270806.641
C53L34,34,53,469474.58,-270806.641
C54L34,34,54,519474.58,-270806.641
C55L34,34,55,569474.58,-270806.641
C56L34,34,56,619474.58,-270806.641
C57L34,34,57,669474.58,-270806.641
C58L34,34,58,719474.58,-270806.641
C59L34,34,59,769474.58,-270806.641
C60L34,34,60,819474.58,-270806.641
C61L34,34,61,869474.58,-270806.641
C62L34,34,62,919474.58,-270806.641
C63L34,34,63,969474.58,-270806.641
C64L34,34,64,1019474.58,-270806.641
C65L34,34,65,1069474.58,-270806.641
C66L34,34,66,1119474.58,-270806.641
C67L34,34,67,1169474.58,-270806.641
C68L34,34,68,1219474.58,-270806.641
C69L34,34,69,1269474.58,-270806.641
C09L35,35,9,-1730525.42,-220806.641
C10L35,35,10,-1680525.42,-220806.641
C11L35,35,11,-1630525.42,-220806.641
C12L35,35,12,-1580525.42,-220806.641
C13L35,35,13,-1530525.42,-220806.641
C14L35,35,14,-1480525.42,-220806.641
C15L35,35,15,-1430525.42,-220806.641
C16L35,35,16,-1380525.42,-220806.641
C17L35,35,17,-1330525.42,-220806.641
C18L35,35,18,-1280525.42,-220806.641
C19L35,35,19,-1230525.42,-220806.641
C20L35,35,20,-1180525.42,-220806.641
C21L35,35,21,-1130525.42,-220806.641
C22L35,35,22,-1080525.42,-220806.641
C23L35,35,23,-1030525.42,-220806.641
C24L35,35,24,-980525.42,-220806.641
C25L35,35,25,-930525.42,-220806.641
C26L35,35,26,-880525.42,-220806.641
C27L35,35,27,-830525.42,-220806.641
C28L35,35,28,-780525.42,-220806.641
C29L35,35,29,-730525.42,-220806.641
C30L35,35,30,-680525.42,-220806.641
C31L35,35,31,-630525.42,-220806.641
C32L35,35,32,-580525.42,-220806.641
C33L35,35,33,-530525.42,-220806.641
C34L35,35,34,-480525.42,-220806.641
C35L35,35,35,-430525.42,-220806.641
C36L35,35,36,-380525.42,-220806.641
C37L35,35,37,-330525.42,-220806.641
C38L35,35,38,-280525.42,-220806.641
C39L35,35,39,-230525.42,-220806.641
C40L35,35,40,-180525.42,-220806.641
C41L35,35,41,-130525.42,-220806.641
C42L35,35,42,-80525.42,-220806.641
C43L35,35,43,-30525.42,-220806.641
C44L35,35,44,19474.58,-220806.641
C45L35,35,45,69474.58,-220806.641
C46L35,35,46,119474.58,-220806.641
C47L35,35,47,169474.58,-220806.641
C48L35,35,48,219474.58,-220806.641
C49L35,35,49,269474.58,-220806.641
C50L35,35,50,319474.58,-220806.641
C51L35,35,51,369474.58,-220806.641
C52L35,35,52,419474.58,-220806.641
C53L35,35,53,469474.58,-220806.641
C54L35,35,54,519474.58,-220806.641
C55L35,35,55,569474.58,-220806.641
C56L35,35,56,619474.58,-220806.641
C57L35,35,57,669474.58,-220806.641
C58L35,35,58,719474.58,-220806.641
C59L35,35,59,769474.58,-220806.641
C60L35,35,60,819474.58,-220806.641
C61L35,35,61,869474.58,-220806.641
C62L35,35,62,919474.58,-220806.641
C63L35,35,63,969474.58,-220806.641
C64L35,35,64,1019474.58,-220806.641
C65L35,35,65,1069474.58,-220806.641
C09L36,36,9,-1730525.42,-170806.641
C10L36,36,10,-1680525.42,-170806.641
C11L36,36,11,-1630525.42,-170806.641
C12L36,36,12,-1580525.42,-170806.641
C13L36,36,13,-1530525.42,-170806.641
C14L36,36,14,-1480525.42,-170806.641
C15L36,36,15,-1430525.42,-170806.641
C16L36,36,16,-1380525.42,-170806.641
C17L36,36,17,-1330525.42,-170806.641
C18L36,36,18,-1280525.42,-170806.641
C19L36,36,19,-1230525.42,-170806.641
C20L36,36,20,-1180525.42,-170806.641
C21L36,36,21,-1130525.42,-170806.641
C22L36,36,22,-1080525.42,-170806.641
C23L36,36,23,-1030525.42,-170806.641
C24L36,36,24,-980525.42,-170806.641
C25L36,36,25,-930525.42,-170806.641
C26L36,36,26,-880525.42,-170806.641
C27L36,36,27,-830525.42,-170806.641
C28L36,36,28,-780525.42,-170806.641
C29L36,36,29,-730525.42,-170806.641
C30L36,36,30,-680525.42,-170806.641
C31L36,36,31,-630525.42,-170806.641
C32L36,36,32,-580525.42,-170806.641
C33L36,36,33,-530525.42,-170806.641
C34L36,36,34,-480525.42,-170806.641
C35L36,36,35,-430525.42,-170806.641
C36L36,36,36,-380525.42,-170806.641
C37L36,36,37,-330525.42,-170806.641
C38L36,36,38,-280525.42,-170806.641
C39L36,36,39,-230525.42,-170806.641
C40L36,36,40,-180525.42,-170806.641
C41L36,36,41,-130525.42,-170806.641
C42L36,36,42,-80525.42,-170806.641
C43L36,36,43,-30525.42,-170806.641
C44L36,36,44,19474.58,-170806.641
C45L36,36,45,69474.58,-170806.641
C46L36,36,46,119474.58,-170806.641
C47L36,36,47,169474.58,-170806.641
C48L36,36,48,219474.58,-170806.641
C49L36,36,49,269474.58,-170806.641
C50L36,36,50,319474.58,-170806.641
C51L36,36,51,369474.58,-170806.641
C52L36,36,52,419474.58,-170806.641
C53L36,36,53,469474.58,-170806.641
C54L36,36,54,519474.58,-170806.641
C55L36,36,55,569474.58,-170806.641
C56L36,36,56,619474.58,-170806.641
C57L36,36,57,669474.58,-170806.641
C58L36,36,58,719474.58,-170806.641
C59L36,36,59,769474.58,-170806.641
C60L36,36,60,819474.58,-170806.641
C61L36,36,61,869474.58,-170806.641
C62L36,36,62,919474.58,-170806.641
C63L36,36,63,969474.58,-170806.641
C64L36,36,64,1019474.58,-170806.641
C65L36,36,65,1069474.58,-170806.641
C09L37,37,9,-1730525.42,-120806.641
C10L37,37,10,-1680525.42,-120806.641
C11L37,37,11,-1630525.42,-120806.641
C12L37,37,12,-1580525.42,-120806.641
C13L37,37,13,-1530525.42,-120806.641
C14L37,37,14,-1480525.42,-120806.641
C15L37,37,15,-1430525.42,-120806.641
C16L37,37,16,-1380525.42,-120806.641
C17L37,37,17,-1330525.42,-120806.641
C18L37,37,18,-1280525.42,-120806.641
C19L37,37,19,-1230525.42,-120806.641
C20L37,37,20,-1180525.42,-120806.641
C21L37,37,21,-1130525.42,-120806.641
C22L37,37,22,-1080525.42,-120806.641
C23L37,37,23,-1030525.42,-120806.641
C24L37,37,24,-980525.42,-120806.641
C25L37,37,25,-930525.42,-120806.641
C26L37,37,26,-880525.42,-120806.641
C27L37,37,27,-830525.42,-120806.641
C28L37,37,28,-780525.42,-120806.641
C29L37,37,29,-730525.42,-120806.641
C30L37,37,30,-680525.42,-120806.641
C31L37,37,31,-630525.42,-120806.641
C32L37,37,32,-580525.42,-120806.641
C33L37,37,33,-530525.42,-120806.641
C34L37,37,34,-480525.42,-120806.641
C35L37,37,35,-430525.42,-120806.641
C36L37,37,36,-380525.42,-120806.641
C37L37,37,37,-330525.42,-120806.641
C38L37,37,38,-280525.42,-120806.641
C39L37,37,39,-230525.42,-120806.641
C40L37,37,40,-180525.42,-120806.641
C41L37,37,41,-130525.42,-120806.641
C42L37,37,42,-80525.42,-120806.641
C43L37,37,43,-30525.42,-120806.641
C44L37,37,44,19474.58,-120806.641
C45L37,37,45,69474.58,-120806.641
C46L37,37,46,119474.58,-120806.641
C47L37,37,47,169474.58,-120806.641
C48L37,37,48,219474.58,-120806.641
C49L37,37,49,269474.58,-120806.641
C50L37,37,50,319474.58,-120806.641
C51L37,37,51,369474.58,-120806.641
C52L37,37,52,419474.58,-120806.641
C53L37,37,53,469474.58,-120806.641
C54L37,37,54,519474.58,-120806.641
C55L37,37,55,569474.58,-120806.641
C56L37,37,56,619474.58,-120806.641
C57L37,37,57,669474.58,-120806.641
C58L37,37,58,719474.58,-120806.641
C59L37,37,59,769474.58,-120806.641
C60L37,37,60,819474.58,-120806.641
C61L37,37,61,869474.58,-120806.641
C62L37,37,62,919474.58,-120806.641
C63L37,37,63,969474.58,-120806.641
C08L38,38,8,-1780525.42,-70806.641
C09L38,38,9,-1730525.42,-70806.641
C10L38,38,10,-1680525.42,-70806.641
C11L38,38,11,-1630525.42,-70806.641
C12L38,38,12,-1580525.42,-70806.641
C13L38,38,13,-1530525.42,-70806.641
C14L38,38,14,-1480525.42,-70806.641
C15L38,38,15,-1430525.42,-70806.641
C16L38,38,16,-1380525.42,-70806.641
C17L38,38,17,-1330525.42,-70806.641
C18L38,38,18,-1280525.42,-70806.641
C19L38,38,19,-1230525.42,-70806.641
C20L38,38,20,-1180525.42,-70806.641
C21L38,38,21,-1130525.42,-70806.641
C22L38,38,22,-1080525.42,-70806.641
C23L38,38,23,-1030525.42,-70806.641
C24L38,38,24,-980525.42,-70806.641
C25L38,38,25,-930525.42,-70806.641
C26L38,38,26,-880525.42,-70806.641
C27L38,38,27,-830525.42,-70806.641
C28L38,38,28,-780525.42,-70806.641
C29L38,38,29,-730525.42,-70806.641
C30L38,38,30,-680525.42,-70806.641
C31L38,38,31,-630525.42,-70806.641
C32L38,38,32,-580525.42,-70806.641
C33L38,38,33,-530525.42,-70806.641
C34L38,38,34,-480525.42,-70806.641
C35L38,38,35,-430525.42,-70806.641
C36L38,38,36,-380525.42,-70806.641
C37L38,38,37,-330525.42,-70806.641
C38L38,38,38,-280525.42,-70806.641
C39L38,38,39,-230525.42,-70806.641
C40L38,38,40,-180525.42,-70806.641
C41L38,38,41,-130525.42,-70806.641
C42L38,38,42,-80525.42,-70806.641
C43L38,38,43,-30525.42,-70806.641
C44L38,38,44,19474.58,-70806.641
C45L38,38,45,69474.58,-70806.641
C46L38,38,46,119474.58,-70806.641
C47L38,38,47,169474.58,-70806.641
C48L38,38,48,219474.58,-70806.641
C49L38,38,49,269474.58,-70806.641
C50L38,38,50,319474.58,-70806.641
C51L38,38,51,369474.58,-70806.641
C52L38,38,52,419474.58,-70806.641
C53L38,38,53,469474.58,-70806.641
C54L38,38,54,519474.58,-70806.641
C55L38,38,55,569474.58,-70806.641
C56L38,38,56,619474.58,-70806.641
C57L38,38,57,669474.58,-70806.641
C58L38,38,58,719474.58,-70806.641
C59L38,38,59,769474.58,-70806.641
C60L38,38,60,819474.58,-70806.641
C08L39,39,8,-1780525.42,-20806.641
C09L39,39,9,-1730525.42,-20806.641
C10L39,39,10,-1680525.42,-20806.641
C11L39,39,11,-1630525.42,-20806.641
C12L39,39,12,-1580525.42,-20806.641
C13L39,39,13,-1530525.42,-20806.641
C14L39,39,14,-1480525.42,-20806.641
C15L39,39,15,-1430525.42,-20806.641
C16L39,39,16,-1380525.42,-20806.641
C17L39,39,17,-1330525.42,-20806.641
C18L39,39,18,-1280525.42,-20806.641
C19L39,39,19,-1230525.42,-20806.641
C20L39,39,20,-1180525.42,-20806.641
C21L39,39,21,-1130525.42,-20806.641
C22L39,39,22,-1080525.42,-20806.641
C23L39,39,23,-1030525.42,-20806.641
C24L39,39,24,-980525.42,-20806.641
C25L39,39,25,-930525.42,-20806.641
C26L39,39,26,-880525.42,-20806.641
C27L39,39,27,-830525.42,-20806.641
C28L39,39,28,-780525.42,-20806.641
C29L39,39,29,-730525.42,-20806.641
C30L39,39,30,-680525.42,-20806.641
C31L39,39,31,-630525.42,-20806.641
C32L39,39,32,-580525.42,-20806.641
C33L39,39,33,-530525.42,-20806.641
C34L39,39,34,-480525.42,-20806.641
C35L39,39,35,-430525.42,-20806.641
C36L39,39,36,-380525.42,-20806.641
C37L39,39,37,-330525.42,-20806.641
C38L39,39,38,-280525.42,-20806.641
C39L39,39,39,-230525.42,-20806.641
C40L39,39,40,-180525.42,-20806.641
C41L39,39,41,-130525.42,-20806.641
C42L39,39,42,-80525.42,-20806.641
C43L39,39,43,-30525.42,-20806.641
C44L39,39,44,19474.58,-20806.641
C45L39,39,45,69474.58,-20806.641
C46L39,39,46,119474.58,-20806.641
C47L39,39,47,169474.58,-20806.641
C48L39,39,48,219474.58,-20806.641
C49L39,39,49,269474.58,-20806.641
C50L39,39,50,319474.58,-20806.641
C51L39,39,51,369474.58,-20806.641
C52L39,39,52,419474.58,-20806.641
C53L39,39,53,469474.58,-20806.641
C54L39,39,54,519474.58,-20806.641
C55L39,39,55,569474.58,-20806.641
C56L39,39,56,619474.58,-20806.641
C08L40,40,8,-1780525.42,29193.359
C09L40,40,9,-1730525.42,29193.359
C10L40,40,10,-1680525.42,29193.359
C11L40,40,11,-1630525.42,29193.359
C12L40,40,12,-1580525.42,29193.359
C13L40,40,13,-1530525.42,29193.359
C14L40,40,14,-1480525.42,29193.359
C15L40,40,15,-1430525.42,29193.359
C16L40,40,16,-1380525.42,29193.359
C17L40,40,17,-1330525.42,29193.359
C18L40,40,18,-1280525.42,29193.359
C19L40,40,19,-1230525.42,29193.359
C20L40,40,20,-1180525.42,29193.359
C21L40,40,21,-1130525.42,29193.359
C22L40,40,22,-1080525.42,29193.359
C23L40,40,23,-1030525.42,29193.359
C24L40,40,24,-980525.42,29193.359
C25L40,40,25,-930525.42,29193.359
C26L40,40,26,-880525.42,29193.359
C27L40,40,27,-830525.42,29193.359
C28L40,40,28,-780525.42,29193.359
C29L40,40,29,-730525.42,29193.359
C30L40,40,30,-680525.42,29193.359
C31L40,40,31,-630525.42,29193.359
C32L40,40,32,-580525.42,29193.359
C33L40,40,33,-530525.42,29193.359
C34L40,40,34,-480525.42,29193.359
C35L40,40,35,-430525.42,29193.359
C36L40,40,36,-380525.42,29193.359
C37L40,40,37,-330525.42,29193.359
C38L40,40,38,-280525.42,29193.359
C39L40,40,39,-230525.42,29193.359
C40L40,40,40,-180525.42,29193.359
C41L40,40,41,-130525.42,29193.359
C42L40,40,42,-80525.42,29193.359
C43L40,40,43,-30525.42,29193.359
C44L40,40,44,19474.58,29193.359
C45L40,40,45,69474.58,29193.359
C46L40,40,46,119474.58,29193.359
C47L40,40,47,169474.58,29193.359
C48L40,40,48,219474.58,29193.359
C49L40,40,49,269474.58,29193.359
C50L40,40,50,319474.58,29193.359
C51L40,40,51,369474.58,29193.359
C52L40,40,52,419474.58,29193.359
C53L40,40,53,469474.58,29193.359
C54L40,40,54,519474.58,29193.359
C08L41,41,8,-1780525.42,79193.359
C09L41,41,9,-1730525.42,79193.359
C10L41,41,10,-1680525.42,79193.359
C11L41,41,11,-1630525.42,79193.359
C12L41,41,12,-1580525.42,79193.359
C13L41,41,13,-1530525.42,79193.359
C14L41,41,14,-1480525.42,79193.359
C15L41,41,15,-1430525.42,79193.359
C16L41,41,16,-1380525.42,79193.359
C17L41,41,17,-1330525.42,79193.359
C18L41,41,18,-1280525.42,79193.359
C19L41,41,19,-1230525.42,79193.359
C20L41,41,20,-1180525.42,79193.359
C21L41,41,21,-1130525.42,79193.359
C22L41,41,22,-1080525.42,79193.359
C23L41,41,23,-1030525.42,79193.359
C24L41,41,24,-980525.42,79193.359
C25L41,41,25,-930525.42,79193.359
C26L41,41,26,-880525.42,79193.359
C27L41,41,27,-830525.42,79193.359
C28L41,41,28,-780525.42,79193.359
C29L41,41,29,-730525.42,79193.359
C30L41,41,30,-680525.42,79193.359
C31L41,41,31,-630525.42,79193.359
C32L41,41,32,-580525.42,79193.359
C33L41,41,33,-530525.42,79193.359
C34L41,41,34,-480525.42,79193.359
C35L41,41,35,-430525.42,79193.359
C36L41,41,36,-380525.42,79193.359
C37L41,41,37,-330525.42,79193.359
C38L41,41,38,-280525.42,79193.359
C39L41,41,39,-230525.42,79193.359
C40L41,41,40,-180525.42,79193.359
C41L41,41,41,-130525.42,79193.359
C42L41,41,42,-80525.42,79193.359
C43L41,41,43,-30525.42,79193.359
C44L41,41,44,19474.58,79193.359
C45L41,41,45,69474.58,79193.359
C46L41,41,46,119474.58,79193.359
C47L41,41,47,169474.58,79193.359
C48L41,41,48,219474.58,79193.359
C49L41,41,49,269474.58,79193.359
C50L41,41,50,319474.58,79193.359
C51L41,41,51,369474.58,79193.359
C52L41,41,52,419474.58,79193.359
C53L41,41,53,469474.58,79193.359
C08L42,42,8,-1780525.42,129193.359
C09L42,42,9,-1730525.42,129193.359
C10L42,42,10,-1680525.42,129193.359
C11L42,42,11,-1630525.42,129193.359
C12L42,42,12,-1580525.42,129193.359
C13L42,42,13,-1530525.42,129193.359
C14L42,42,14,-1480525.42,129193.359
C15L42,42,15,-1430525.42,129193.359
C16L42,42,16,-1380525.42,129193.359
C17L42,42,17,-1330525.42,129193.359
C18L42,42,18,-1280525.42,129193.359
C19L42,42,19,-1230525.42,129193.359
C20L42,42,20,-1180525.42,129193.359
C21L42,42,21,-1130525.42,129193.359
C22L42,42,22,-1080525.42,129193.359
C23L42,42,23,-1030525.42,129193.359
C24L42,42,24,-980525.42,129193.359
C25L42,42,25,-930525.42,129193.359
C26L42,42,26,-880525.42,129193.359
C27L42,42,27,-830525.42,129193.359
C28L42,42,28,-780525.42,129193.359
C29L42,42,29,-730525.42,129193.359
C30L42,42,30,-680525.42,129193.359
C31L42,42,31,-630525.42,129193.359
C32L42,42,32,-580525.42,129193.359
C33L42,42,33,-530525.42,129193.359
C34L42,42,34,-480525.42,129193.359
C35L42,42,35,-430525.42,129193.359
C36L42,42,36,-380525.42,129193.359
C37L42,42,37,-330525.42,129193.359
C38L42,42,38,-280525.42,129193.359
C39L42,42,39,-230525.42,129193.359
C40L42,42,40,-180525.42,129193.359
C41L42,42,41,-130525.42,129193.359
C42L42,42,42,-80525.42,129193.359
C43L42,42,43,-30525.42,129193.359
C44L42,42,44,19474.58,129193.359
C45L42,42,45,69474.58,129193.359
C46L42,42,46,119474.58,129193.359
C47L42,42,47,169474.58,129193.359
C48L42,42,48,219474.58,129193.359
C49L42,42,49,269474.58,129193.359
C50L42,42,50,319474.58,129193.359
C51L42,42,51,369474.58,129193.359
C52L42,42,52,419474.58,129193.359
C53L42,42,53,469474.58,129193.359
C08L43,43,8,-1780525.42,179193.359
C09L43,43,9,-1730525.42,179193.359
C10L43,43,10,-1680525.42,179193.359
C11L43,43,11,-1630525.42,179193.359
C12L43,43,12,-1580525.42,179193.359
C13L43,43,13,-1530525.42,179193.359
C14L43,43,14,-1480525.42,179193.359
C15L43,43,15,-1430525.42,179193.359
C20L43,43,20,-1180525.42,179193.359
C21L43,43,21,-1130525.42,179193.359
C22L43,43,22,-1080525.42,179193.359
C23L43,43,23,-1030525.42,179193.359
C24L43,43,24,-980525.42,179193.359
C25L43,43,25,-930525.42,179193.359
C26L43,43,26,-880525.42,179193.359
C27L43,43,27,-830525.42,179193.359
C28L43,43,28,-780525.42,179193.359
C29L43,43,29,-730525.42,179193.359
C30L43,43,30,-680525.42,179193.359
C31L43,43,31,-630525.42,179193.359
C32L43,43,32,-580525.42,179193.359
C34L43,43,34,-480525.42,179193.359
C35L43,43,35,-430525.42,179193.359
C36L43,43,36,-380525.42,179193.359
C37L43,43,37,-330525.42,179193.359
C38L43,43,38,-280525.42,179193.359
C39L43,43,39,-230525.42,179193.359
C40L43,43,40,-180525.42,179193.359
C41L43,43,41,-130525.42,179193.359
C42L43,43,42,-80525.42,179193.359
C43L43,43,43,-30525.42,179193.359
C44L43,43,44,19474.58,179193.359
C45L43,43,45,69474.58,179193.359
C46L43,43,46,119474.58,179193.359
C47L43,43,47,169474.58,179193.359
C48L43,43,48,219474.58,179193.359
C49L43,43,49,269474.58,179193.359
C50L43,43,50,319474.58,179193.359
C51L43,43,51,369474.58,179193.359
C52L43,43,52,419474.58,179193.359
C53L43,43,53,469474.58,179193.359
C09L44,44,9,-1730525.42,229193.359
C12L44,44,12,-1580525.42,229193.359
C13L44,44,13,-1530525.42,229193.359
C14L44,44,14,-1480525.42,229193.359
C21L44,44,21,-1130525.42,229193.359
C22L44,44,22,-1080525.42,229193.359
C23L44,44,23,-1030525.42,229193.359
C24L44,44,24,-980525.42,229193.359
C25L44,44,25,-930525.42,229193.359
C26L44,44,26,-880525.42,229193.359
C27L44,44,27,-830525.42,229193.359
C28L44,44,28,-780525.42,229193.359
C29L44,44,29,-730525.42,229193.359
C30L44,44,30,-680525.42,229193.359
C31L44,44,31,-630525.42,229193.359
C36L44,44,36,-380525.42,229193.359
C37L44,44,37,-330525.42,229193.359
C38L44,44,38,-280525.42,229193.359
C39L44,44,39,-230525.42,229193.359
C40L44,44,40,-180525.42,229193.359
C41L44,44,41,-130525.42,229193.359
C42L44,44,42,-80525.42,229193.359
C43L44,44,43,-30525.42,229193.359
C44L44,44,44,19474.58,229193.359
C45L44,44,45,69474.58,229193.359
C46L44,44,46,119474.58,229193.359
C47L44,44,47,169474.58,229193.359
C48L44,44,48,219474.58,229193.359
C49L44,44,49,269474.58,229193.359
C50L44,44,50,319474.58,229193.359
C51L44,44,51,369474.58,229193.359
C52L44,44,52,419474.58,229193.359
C14L45,45,14,-1480525.42,279193.359
C21L45,45,21,-1130525.42,279193.359
C22L45,45,22,-1080525.42,279193.359
C23L45,45,23,-1030525.42,279193.359
C24L45,45,24,-980525.42,279193.359
C25L45,45,25,-930525.42,279193.359
C26L45,45,26,-880525.42,279193.359
C27L45,45,27,-830525.42,279193.359
C28L45,45,28,-780525.42,279193.359
C29L45,45,29,-730525.42,279193.359
C30L45,45,30,-680525.42,279193.359
C31L45,45,31,-630525.42,279193.359
C39L45,45,39,-230525.42,279193.359
C40L45,45,40,-180525.42,279193.359
C41L45,45,41,-130525.42,279193.359
C42L45,45,42,-80525.42,279193.359
C44L45,45,44,19474.58,279193.359
C45L45,45,45,69474.58,279193.359
C46L45,45,46,119474.58,279193.359
C47L45,45,47,169474.58,279193.359
C48L45,45,48,219474.58,279193.359
C49L45,45,49,269474.58,279193.359
C50L45,45,50,319474.58,279193.359
C51L45,45,51,369474.58,279193.359
C21L46,46,21,-1130525.42,329193.359
C22L46,46,22,-1080525.42,329193.359
C23L46,46,23,-1030525.42,329193.359
C24L46,46,24,-980525.42,329193.359
C25L46,46,25,-930525.42,329193.359
C26L46,46,26,-880525.42,329193.359
C27L46,46,27,-830525.42,329193.359
C28L46,46,28,-780525.42,329193.359
C29L46,46,29,-730525.42,329193.359
C30L46,46,30,-680525.42,329193.359
C47L46,46,47,169474.58,329193.359
C48L46,46,48,219474.58,329193.359
C49L46,46,49,269474.58,329193.359
C50L46,46,50,319474.58,329193.359
C51L46,46,51,369474.58,329193.359
C21L47,47,21,-1130525.42,379193.359
C22L47,47,22,-1080525.42,379193.359
C23L47,47,23,-1030525.42,379193.359
C24L47,47,24,-980525.42,379193.359
C25L47,47,25,-930525.42,379193.359
C26L47,47,26,-880525.42,379193.359
C27L47,47,27,-830525.42,379193.359
C28L47,47,28,-780525.42,379193.359
C29L47,47,29,-730525.42,379193.359
C30L47,47,30,-680525.42,379193.359
C31L47,47,31,-630525.42,379193.359
C47L47,47,47,169474.58,379193.359
C48L47,47,48,219474.58,379193.359
C49L47,47,49,269474.58,379193.359
C50L47,47,50,319474.58,379193.359
C20L48,48,20,-1180525.42,429193.359
C21L48,48,21,-1130525.42,429193.359
C22L48,48,22,-1080525.42,429193.359
C23L48,48,23,-1030525.42,429193.359
C24L48,48,24,-980525.42,429193.359
C25L48,48,25,-930525.42,429193.359
C26L48,48,26,-880525.42,429193.359
C27L48,48,27,-830525.42,429193.359
C28L48,48,28,-780525.42,429193.359
C29L48,48,29,-730525.42,429193.359
C30L48,48,30,-680525.42,429193.359
C31L48,48,31,-630525.42,429193.359
C48L48,48,48,219474.58,429193.359
C49L48,48,49,269474.58,429193.359
C50L48,48,50,319474.58,429193.359
C20L49,49,20,-1180525.42,479193.359
C21L49,49,21,-1130525.42,479193.359
C25L49,49,25,-930525.42,479193.359
C26L49,49,26,-880525.42,479193.359
C27L49,49,27,-830525.42,479193.359
C28L49,49,28,-780525.42,479193.359
C29L49,49,29,-730525.42,479193.359
C30L49,49,30,-680525.42,479193.359
C31L49,49,31,-630525.42,479193.359
C49L49,49,49,269474.58,479193.359
C27L50,50,27,-830525.42,529193.359
C28L50,50,28,-780525.42,529193.359
C29L50,50,29,-730525.42,529193.359
C30L50,50,30,-680525.42,529193.359
C29L51,51,29,-730525.42,579193.359
C30L51,51,30,-680525.42,579193.359
