id,row,col,cx,cy,elevation,defor_7,defor_87,defor_167,defor_255,distroad,distlocal,population
C00L00,0,0,549677.35,9487714.187,61.1,1,0,0,0,646.8282317,25579.81568,4.323184645
C01L00,0,1,554677.35,9487714.187,59.61111111,1,0,0,0,4212.086164,23260.89997,4.323184645
C02L00,0,2,559677.35,9487714.187,52.56666667,1,0,0,0,3568.240204,20142.25768,4.323184645
C03L00,0,3,564677.35,9487714.187,52.97222222,1,0,0,0,222.0512581,16074.75375,4.323184645
C04L00,0,4,569677.35,9487714.187,46.23333333,0.9047757294,0,0.09522427058,0,820.0206763,12691.92152,10.31571045
C05L00,0,5,574677.35,9487714.187,24.41666667,0.3650315548,0.002151462995,0.6328169822,0,2153.392459,9898.155853,132.9923654
C06L00,0,6,579677.35,9487714.187,38.3,0.6953113659,0.05762810277,0.2470605313,0,5320.076977,6199.794576,277.4072352
C07L00,0,7,584677.35,9487714.187,85.8,1,0,0,0,7868.232085,5376.003747,282.0049532
C08L00,0,8,589677.35,9487714.187,56.05555556,0.9899598394,0.01004016064,0,0,10681.60623,8328.588103,277.1406511
C09L00,0,9,594677.35,9487714.187,60.66666667,0.9944839599,0.005516040064,0,0,13720.53287,12642.36304,52.68719433
C10L00,0,10,599677.35,9487714.187,77.83333333,0.9789519524,0.02104804761,0,0,10927.64208,17047.71507,108.67097
C11L00,0,11,604677.35,9487714.187,70.23333333,0.9784853701,0.02151462995,0,0,7810.554671,12047.7519,413.6941406
C12L00,0,12,609677.35,9487714.187,64.7,0.7816809406,0.2183190594,0,0,3448.754406,7047.840971,413.6950828
C13L00,0,13,614677.35,9487714.187,51.25,0.5921033532,0.4078966468,0,0,1214.260125,2048.364938,457.7806568
C14L00,0,14,619677.35,9487714.187,54.36666667,0.7548766495,0.2451233505,0,0,2553.968282,2952.885959,603.5817388
C15L00,0,15,624677.35,9487714.187,55.02777778,0.8186964726,0.1813035274,0,0,6684.921995,7952.563866,603.5817388
C16L00,0,16,629677.35,9487714.187,49.7,0.8218899695,0.1781100305,0,0,11475.48326,8715.55143,533.3268936
C17L00,0,17,634677.35,9487714.187,56.61111111,0.9641422834,0.03585771658,0,0,10601.88484,3719.443516,401.1308338
C18L00,0,18,639677.35,9487714.187,56,0.9519523879,0.04804761214,0,0,10461.56357,1306.783613,236.8736018
C19L00,0,19,644677.35,9487714.187,81.33333333,0.9693714618,0.03062853825,0,0,10679.08054,6291.351743,34.48790013
C20L00,0,20,649677.35,9487714.187,138.0555556,0.9816408491,0.01835915089,0,0,12927.45679,11289.57617,34.48790013
C21L00,0,21,654677.35,9487714.187,149.5333333,1,0,0,0,16437.62504,16288.89049,34.48790013
C22L00,0,22,659677.35,9487714.187,162.25,0.9997096821,0.0002903178981,0,0,20354.20571,21288.52688,34.48790013
C23L00,0,23,664677.35,9487714.187,176.2,1,0,0,0,24429.61789,26288.30158,36.07110238
C24L00,0,24,669677.35,9487714.187,183.0666667,0.9873711714,0.01262882857,0,0,28444.33442,31288.14829,75.63706681
C25L00,0,25,674677.35,9487714.187,174.3888889,1,0,0,0,31293.9997,36288.03724,62.09164207
C26L00,0,26,679677.35,9487714.187,185.2666667,1,0,0,0,34432.41716,41287.95309,36.35820812
C27L00,0,27,684677.35,9487714.187,191.6388889,1,0,0,0,36633.06823,46287.88711,37.73787558
C28L00,0,28,689677.35,9487714.187,167.9,1,0,0,0,38740.43508,51287.834,18.72007719
C29L00,0,29,694677.35,9487714.187,148.2333333,1,0,0,0,40709.93914,52898.64327,23.41051034
C30L00,0,30,699677.35,9487714.187,150.75,1,0,0,0,42188.35716,54284.80547,22.96027836
C00L01,1,0,549677.35,9492714.187,103.48,1,0,0,0,5514.962552,21543.25468,4.323184645
C01L01,1,1,554677.35,9492714.187,74.33333333,1,0,0,0,7280.3135,18731.10566,5.366324889
C02L01,1,2,559677.35,9492714.187,61.52,1,0,0,0,6923.52213,16958.67968,5.09613059
C03L01,1,3,564677.35,9492714.187,67.86666667,1,0,0,0,4810.916546,13382.58679,4.323684483
C04L01,1,4,569677.35,9492714.187,59.48,1,0,0,0,3763.542677,9043.273351,4.323184645
C05L01,1,5,574677.35,9492714.187,47.26666667,0.9883820998,0.0002868617326,0.01133103844,0,722.642871,5870.941708,4.323184645
C06L01,1,6,579677.35,9492714.187,15.76,0.3097691973,0.02685440557,0.6633763972,0,3299.324314,3456.80744,169.6609935
C07L01,1,7,584677.35,9492714.187,45.28,0.8686311511,0.1222238351,0.00914501379,0,3615.684775,1553.538278,2465.536688
C08L01,1,8,589677.35,9492714.187,51.6,0.9522375215,0.04776247849,0,0,8062.839368,6548.087101,97.51962917
C09L01,1,9,594677.35,9492714.187,80.76,0.9557265205,0.04427347946,0,0,10637.4794,11547.35503,46.49945825
C10L01,1,10,599677.35,9492714.187,75.36666667,0.9457105531,0.05428944694,0,0,6657.049431,16547.06535,52.11229871
C11L01,1,11,604677.35,9492714.187,98.68,0.8803786575,0.1196213425,0,0,5047.439574,13022.99123,133.5782119
C12L01,1,12,609677.35,9492714.187,84.32,0.9383074467,0.06169255335,0,0,3497.869347,8609.415612,356.8451355
C13L01,1,13,614677.35,9492714.187,51.5,0.8150674989,0.1849325011,0,0,1772.153278,5020.242483,413.7677862
C14L01,1,14,619677.35,9492714.187,46.28,0.6200516351,0.3799483649,0,0,1191.342197,2819.016379,537.942987
C15L01,1,15,624677.35,9492714.187,50,0.578458412,0.421541588,0,0,5903.666778,6378.939731,270.375344
C16L01,1,16,629677.35,9492714.187,114.72,0.7754391058,0.2245608942,0,0,7593.458847,10159.06338,36.66649531
C17L01,1,17,634677.35,9492714.187,139.7333333,0.962421113,0.03757888698,0,0,5927.331815,6409.367531,34.48790013
C18L01,1,18,639677.35,9492714.187,129.32,0.9677747133,0.03222528669,0,0,5672.531415,5380.837806,34.48790013
C19L01,1,19,644677.35,9492714.187,100.2,0.9306140224,0.06938597765,0,0,6000.73492,8174.768427,34.48790013
C20L01,1,20,649677.35,9492714.187,123.0333333,0.9853700516,0.01462994836,0,0,9438.495509,12437.85601,34.48790013
C21L01,1,21,654677.35,9492714.187,137.44,1,0,0,0,13336.63358,17104.78546,34.48790013
C22L01,1,22,659677.35,9492714.187,157.2333333,1,0,0,0,17617.55759,21919.10374,34.48790013
C23L01,1,23,664677.35,9492714.187,187.88,0.9842226047,0.0157773953,0,0,21428.45571,26801.50242,35.75060244
C24L01,1,24,669677.35,9492714.187,199.2,0.9966613442,0.003338655828,0,0,24350.54492,31720.56045,22.80116623
C25L01,1,25,674677.35,9492714.187,185.4,1,0,0,0,27371.99248,36661.5245,18.72007719
C26L01,1,26,679677.35,9492714.187,192.92,1,0,0,0,30284.25363,41616.59287,18.72007719
C27L01,1,27,684677.35,9492714.187,189.7666667,1,0,0,0,32030.85451,46494.82659,18.72007719
C28L01,1,28,689677.35,9492714.187,144.88,1,0,0,0,34421.14557,47014.28022,18.72007719
C29L01,1,29,694677.35,9492714.187,125.08,1,0,0,0,35875.64836,48051.18302,18.72007719
C30L01,1,30,699677.35,9492714.187,132.9,1,0,0,0,37544.91284,49573.07571,11.92739612
C00L02,2,0,549677.35,9497714.187,96.46666667,1,0,0,0,10477.91508,17997.12961,6.690193259
C01L02,2,1,554677.35,9497714.187,88.58333333,1,0,0,0,11599.17719,14513.4135,7.9955913
C02L02,2,2,559677.35,9497714.187,80.36666667,1,0,0,0,11268.64294,12140.0852,8.005083111
C03L02,2,3,564677.35,9497714.187,105.1944444,1,0,0,0,9418.487521,11581.19881,7.227767815
C04L02,2,4,569677.35,9497714.187,79.33333333,1,0,0,0,6510.178614,7244.081306,4.425038503
C05L02,2,5,574677.35,9497714.187,47.88888889,0.9922052154,0.00779478458,0,0,1731.697513,2272.416691,4.323184645
C06L02,2,6,579677.35,9497714.187,15.36666667,0.4016064257,0.02223178428,0.57616179,0,2385.523322,2801.97096,34.17210108
C07L02,2,7,584677.35,9497714.187,43.9,0.7736660929,0.1952094091,0.03112449799,0,1801.395043,5091.713471,46.49945825
C08L02,2,8,589677.35,9497714.187,84.88888889,0.9118480726,0.08815192744,0,0,3879.987488,8147.975796,46.49945825
C09L02,2,9,594677.35,9497714.187,111.9666667,0.9261331038,0.07386689616,0,0,7348.433779,12524.11566,46.49945825
C10L02,2,10,599677.35,9497714.187,81.11111111,0.8687607573,0.1312392427,0,0,4383.97683,16228.3658,46.49945825
C11L02,2,11,604677.35,9497714.187,86.8,0.8321995465,0.1678004535,0,0,616.1103618,14408.64883,46.49945825
C12L02,2,12,609677.35,9497714.187,86.36666667,0.875502008,0.124497992,0,0,5616.0423,9505.428962,91.28220938
C13L02,2,13,614677.35,9497714.187,45.41666667,0.9090648308,0.09093516925,0,0,3672.663404,4805.954484,267.8943537
C14L02,2,14,619677.35,9497714.187,47.1,0.5362811791,0.4637188209,0,0,866.6696598,2416.861033,161.767162
C15L02,2,15,624677.35,9497714.187,75.41666667,0.5849110729,0.4150889271,0,0,1673.626283,6211.701538,50.185974
C16L02,2,16,629677.35,9497714.187,136.7666667,0.712421113,0.287578887,0,0,2659.927956,11014.95596,34.48790013
C17L02,2,17,634677.35,9497714.187,146.25,0.8844954649,0.1155045351,0,0,2804.73935,10877.76283,34.48790013
C18L02,2,18,639677.35,9497714.187,151.5333333,0.8151176133,0.1848823867,0,0,2008.887216,10305.29706,34.48790013
C19L02,2,19,644677.35,9497714.187,144.1,0.8944348824,0.1055651176,0,0,2823.982645,12003.02341,34.48790013
C20L02,2,20,649677.35,9497714.187,158.5833333,0.97930839,0.02069160998,0,0,6437.227681,15229.77328,34.48790013
C21L02,2,21,654677.35,9497714.187,143.8,0.9977051061,0.002294893861,0,0,11133.30321,19230.68947,34.53870355
C22L02,2,22,659677.35,9497714.187,178.4444444,0.9879518072,0.01204819277,0,0,14466.41861,23615.52119,35.09544143
C23L02,2,23,664677.35,9497714.187,191.2,1,0,0,0,17509.5305,28205.78423,35.98120889
C24L02,2,24,669677.35,9497714.187,195.6,1,0,0,0,20318.97125,32915.64503,28.43336545
C25L02,2,25,674677.35,9497714.187,182.8055556,1,0,0,0,23856.60343,37700.30651,18.72007719
C26L02,2,26,679677.35,9497714.187,192.2,1,0,0,0,25517.2485,40559.55229,18.72007719
C27L02,2,27,684677.35,9497714.187,198.0277778,1,0,0,0,27567.54601,41502.03164,18.72007719
C28L02,2,28,689677.35,9497714.187,131.7333333,1,0,0,0,29904.29419,42083.15904,18.72007719
C29L02,2,29,694677.35,9497714.187,109.4333333,1,0,0,0,31093.81202,43238.47731,18.72007719
C30L02,2,30,699677.35,9497714.187,118.6666667,1,0,0,0,32788.26733,44923.70827,11.92032682
C00L03,3,0,549677.35,9502714.187,86.96,1,0,0,0,15464.75337,15286.64535,8.005083111
C01L03,3,1,554677.35,9502714.187,81.76666667,1,0,0,0,16299.07856,10973.78801,8.005083111
C02L03,3,2,559677.35,9502714.187,82.84,1,0,0,0,15976.39277,7560.854485,8.005083111
C03L03,3,3,564677.35,9502714.187,75.56666667,1,0,0,0,12905.23713,6626.387989,8.005083111
C04L03,3,4,569677.35,9502714.187,56.88,1,0,0,0,8180.927682,5526.797388,5.337206701
C05L03,3,5,574677.35,9502714.187,51.73333333,1,0,0,0,3438.78322,5085.253061,4.323184645
C06L03,3,6,579677.35,9502714.187,37.2,0.9007112789,0,0.09928872115,0,491.7830652,5342.935742,9.150468795
C07L03,3,7,584677.35,9502714.187,39.36,0.6071998839,0.1955291044,0.1972710118,0,1246.135972,9012.997614,47.76618157
C08L03,3,8,589677.35,9502714.187,68.36666667,0.6787148594,0.3212851406,0,0,896.5239358,11827.9996,49.85245215
C09L03,3,9,594677.35,9502714.187,67,0.6925533459,0.3074466541,0,0,2841.413672,13034.85424,46.49945825
C10L03,3,10,599677.35,9502714.187,93.56666667,0.7102627377,0.2897372623,0,0,3251.23551,11272.11278,46.49945825
C11L03,3,11,604677.35,9502714.187,120.92,0.8516924842,0.1483075158,0,0,1617.620408,11585.06055,46.49945825
C12L03,3,12,609677.35,9502714.187,84.2,0.8004064451,0.1995935549,0,0,1746.666241,11757.87156,46.49945825
C13L03,3,13,614677.35,9502714.187,44.9,0.7141820293,0.2858179707,0,0,1827.283823,8425.649079,133.340024
C14L03,3,14,619677.35,9502714.187,62.76,0.6546184739,0.3453815261,0,0,649.6159158,7330.455727,151.0996736
C15L03,3,15,624677.35,9502714.187,71.66666667,0.2382058354,0.7617941646,0,0,568.7570014,9299.440839,124.6018956
C16L03,3,16,629677.35,9502714.187,44.8,0.5511685295,0.4488314705,0,0,1580.994928,13008.59787,34.48790013
C17L03,3,17,634677.35,9502714.187,66.26666667,0.7244693058,0.2755306942,0,0,1970.540151,15670.71971,36.31225915
C18L03,3,18,639677.35,9502714.187,115.68,0.7760197416,0.2239802584,0,0,1011.15444,15278.90309,48.97547726
C19L03,3,19,644677.35,9502714.187,140.16,0.8541152562,0.1458847438,0,0,828.6322769,16471.74256,63.07407847
C20L03,3,20,649677.35,9502714.187,177.7666667,0.9397590361,0.06024096386,0,0,5723.837812,18952.35411,37.97666323
C21L03,3,21,654677.35,9502714.187,171.92,0.9371461751,0.06285382494,0,0,7705.57076,22294.95794,35.69809872
C22L03,3,22,659677.35,9502714.187,183.3666667,0.9940484831,0.005951516911,0,0,10609.5014,26171.33113,35.98133736
C23L03,3,23,664677.35,9502714.187,192.28,0.9880952381,0.0119047619,0,0,13285.15011,30377.8208,35.98133736
C24L03,3,24,669677.35,9502714.187,187.56,0.9860647409,0.01393525911,0,0,16815.83027,33082.54556,35.76979868
C25L03,3,25,674677.35,9502714.187,181.8333333,1,0,0,0,19398.0489,34365.01932,22.67788239
C26L03,3,26,679677.35,9502714.187,197.96,1,0,0,0,20859.62424,35806.29997,18.72007719
C27L03,3,27,684677.35,9502714.187,198.0666667,1,0,0,0,23323.02609,36511.20869,18.72007719
C28L03,3,28,689677.35,9502714.187,187.6,1,0,0,0,24980.58869,37170.44532,18.72007719
C29L03,3,29,694677.35,9502714.187,127.2,1,0,0,0,26392.95638,38473.5708,19.06603805
C30L03,3,30,699677.35,9502714.187,108.3,1,0,0,0,28079.01235,40358.26179,53.81960363
C00L04,4,0,549677.35,9507714.187,81.64,1,0,0,0,20458.01772,13909.21917,8.005083111
C01L04,4,1,554677.35,9507714.187,69.56666667,1,0,0,0,18294.84086,8955.940779,8.005083111
C02L04,4,2,559677.35,9507714.187,64.36,1,0,0,0,14751.23035,4117.20445,8.005083111
C03L04,4,3,564677.35,9507714.187,67.56666667,1,0,0,0,12267.69706,1921.944255,8.005083111
C04L04,4,4,569677.35,9507714.187,59.92,1,0,0,0,9329.724825,625.0520439,7.032065983
C05L04,4,5,574677.35,9507714.187,47.86666667,0.9512335055,0.04876649455,0,0,4334.872057,4674.99448,12.92653624
C06L04,4,6,579677.35,9507714.187,23.32,0.4771374655,0.339091305,0.1837712295,0,626.9536063,3168.237354,60.88583792
C07L04,4,7,584677.35,9507714.187,20.92,0.4964436057,0.3341559007,0.1694004935,0,5283.331766,5635.057078,1202.783466
C08L04,4,8,589677.35,9507714.187,36.83333333,0.5263912794,0.4736087206,0,0,3267.193272,10172.02087,57.1727951
C09L04,4,9,594677.35,9507714.187,50.72,0.5707649877,0.4292350123,0,0,1363.608748,9143.746234,54.10062743
C10L04,4,10,599677.35,9507714.187,57.4,0.6556829729,0.3443170271,0,0,697.9797708,6384.449585,49.08656768
C11L04,4,11,604677.35,9507714.187,55.2,0.6478772232,0.3521227768,0,0,885.1430418,6922.015446,46.64613135
C12L04,4,12,609677.35,9507714.187,50.4,0.7710843373,0.2289156627,0,0,2608.877667,10250.23898,46.49945825
C13L04,4,13,614677.35,9507714.187,41.46666667,0.512846567,0.487153433,0,0,2059.723776,12995.61181,127.2808197
C14L04,4,14,619677.35,9507714.187,47.44,0.5324153758,0.4675846242,0,0,2029.686929,12313.81115,108.7863916
C15L04,4,15,624677.35,9507714.187,61.5,0.4228480186,0.5771519814,0,0,2332.063941,13578.43746,120.3356427
C16L04,4,16,629677.35,9507714.187,40.64,0.2659311947,0.7340688053,0,0,496.8644139,16343.74445,76.48365367
C17L04,4,17,634677.35,9507714.187,57.13333333,0.4890992542,0.5109007458,0,0,754.5935495,19996.54974,73.99588869
C18L04,4,18,639677.35,9507714.187,138.56,0.7191174336,0.2808825664,0,0,2056.055824,20265.503,75.78459994
C19L04,4,19,644677.35,9507714.187,182.52,0.8041805777,0.1958194223,0,0,2309.711272,19869.25922,75.78459994
C20L04,4,20,649677.35,9507714.187,190.1333333,0.9705966724,0.0294033276,0,0,2483.977384,20484.64517,45.95359405
C21L04,4,21,654677.35,9507714.187,152.84,0.9898388736,0.01016112643,0,0,3558.099673,22236.31968,35.98133736
C22L04,4,22,659677.35,9507714.187,169.3,0.9689359849,0.0310640151,0,0,6334.811284,24885.48048,35.98133736
C23L04,4,23,664677.35,9507714.187,183.36,0.993545611,0.006454388985,0,0,9818.694835,27529.91509,35.98133736
C24L04,4,24,669677.35,9507714.187,181.76,1,0,0,0,14071.68499,28185.03072,32.68604501
C25L04,4,25,674677.35,9507714.187,188.3333333,1,0,0,0,14500.97424,29595.46104,19.73235212
C26L04,4,26,679677.35,9507714.187,185.4,1,0,0,0,16404.8126,31130.45058,18.72007719
C27L04,4,27,684677.35,9507714.187,173.8,1,0,0,0,19441.12905,31523.2944,18.72007719
C28L04,4,28,689677.35,9507714.187,173.04,1,0,0,0,20094.59658,32284.54328,18.72007719
C29L04,4,29,694677.35,9507714.187,116.08,1,0,0,0,21791.52632,33776.69877,43.14714289
C30L04,4,30,699677.35,9507714.187,111.1,1,0,0,0,23490.24039,35908.75973,84.23062201
C00L05,5,0,549677.35,9512714.187,58.4,1,0,0,0,20287.37606,14256.62057,8.005083111
C01L05,5,1,554677.35,9512714.187,53.11111111,1,0,0,0,15635.70343,9486.502368,8.005083111
C02L05,5,2,559677.35,9512714.187,49.26666667,1,0,0,0,11285.95659,5170.70831,8.005083111
C03L05,5,3,564677.35,9512714.187,45.55555556,1,0,0,0,7763.40201,3671.337857,8.005083111
C04L05,5,4,569677.35,9512714.187,39.56666667,0.9847963282,0.01520367183,0,0,6474.359368,2246.709199,12.69809658
C05L05,5,5,574677.35,9512714.187,37.80555556,0.8137755102,0.1862244898,0,0,4353.119377,4142.852336,67.59597537
C06L05,5,6,579677.35,9512714.187,25.7,0.205966724,0.6409925416,0.1530407344,0,240.8777548,515.9133098,71.03230608
C07L05,5,7,584677.35,9512714.187,12.36666667,0.437751004,0.2343660356,0.3278829604,0,4143.796753,4531.144174,58.52385557
C08L05,5,8,589677.35,9512714.187,21.27777778,0.5848922902,0.4142573696,0.0008503401361,0,6180.161373,7191.646548,57.17329248
C09L05,5,9,594677.35,9512714.187,20,0.4608433735,0.3822432587,0.1569133678,0,5547.356162,6878.136752,57.21970214
C10L05,5,10,599677.35,9512714.187,32.63888889,0.3301778543,0.373350545,0.2964716007,0,4273.960175,2112.313071,58.21494779
C11L05,5,11,604677.35,9512714.187,35.16666667,0.4437358277,0.5544217687,0.001842403628,0,915.3814537,3408.073918,78.63137116
C12L05,5,12,609677.35,9512714.187,41.06666667,0.2669248422,0.7330751578,0,0,1661.04727,8292.651516,90.16796496
C13L05,5,13,614677.35,9512714.187,43.55555556,0.3244406196,0.6755593804,0,0,579.5726319,10940.93301,126.9074
C14L05,5,14,619677.35,9512714.187,41.56666667,0.2824546485,0.7175453515,0,0,946.6583844,13666.35599,78.83765444
C15L05,5,15,624677.35,9512714.187,44.61111111,0.2204532415,0.7795467585,0,0,2095.425989,16200.80502,77.20331452
C16L05,5,16,629677.35,9512714.187,37.16666667,0.4847963282,0.5152036718,0,0,3153.301527,19701.84968,76.4531039
C17L05,5,17,634677.35,9512714.187,60.58333333,0.3836451247,0.6163548753,0,0,1021.504029,17928.42684,75.96249897
C18L05,5,18,639677.35,9512714.187,153.5333333,0.5301204819,0.4698795181,0,0,1624.546155,15692.72807,75.78459994
C19L05,5,19,644677.35,9512714.187,159.4333333,0.8323293173,0.1676706827,0,0,1799.366182,14869.26158,75.78459994
C20L05,5,20,649677.35,9512714.187,145.2222222,0.9009353741,0.09906462585,0,0,1730.510946,15682.09697,71.58375908
C21L05,5,21,654677.35,9512714.187,124.8,0.9462134251,0.05378657487,0,0,1940.220256,17909.8127,38.82526355
C22L05,5,22,659677.35,9512714.187,93.19444444,0.9744693058,0.02553069421,0,0,3168.815063,21109.11216,35.98133736
C23L05,5,23,664677.35,9512714.187,109.7333333,0.994047619,0.005952380952,0,0,8143.606275,22535.24707,31.73680236
C24L05,5,24,669677.35,9512714.187,139.6,1,0,0,0,9092.832509,23331.03283,19.66964373
C25L05,5,25,674677.35,9512714.187,157.3611111,0.995697074,0.00430292599,0,0,9709.387558,24756.92125,18.72007719
C26L05,5,26,679677.35,9512714.187,172.9,0.9998582766,0.000141723356,0,0,12373.83647,26566.78706,18.72007719
C27L05,5,27,684677.35,9512714.187,128.6944444,0.9880952381,0.0119047619,0,0,14525.75222,26539.92879,20.14284996
C28L05,5,28,689677.35,9512714.187,116.2666667,1,0,0,0,15282.53292,27439.77888,48.45722249
C29L05,5,29,694677.35,9512714.187,112.4333333,1,0,0,0,16977.36961,29180.73183,82.40099796
C30L05,5,30,699677.35,9512714.187,168.0416667,1,0,0,0,19108.94695,31624.17991,85.06209864
C00L06,6,0,549677.35,9517714.187,49.88,1,0,0,0,18478.9931,16218.38715,8.005083111
C01L06,6,1,554677.35,9517714.187,45.1,1,0,0,0,13691.62305,12238.40591,8.005083111
C02L06,6,2,559677.35,9517714.187,47,1,0,0,0,9134.982052,9301.670622,8.005083111
C03L06,6,3,564677.35,9517714.187,37.73333333,0.9991290463,0.0008709536943,0,0,4477.100657,8559.414326,8.005083111
C04L06,6,4,569677.35,9517714.187,36.44,0.9137755843,0.08622441574,0,0,1486.483986,6960.829641,31.3097057
C05L06,6,5,574677.35,9517714.187,43.63333333,0.8382099828,0.1617900172,0,0,1380.876271,7553.132977,71.31338271
C06L06,6,6,579677.35,9517714.187,30.04,0.4772826245,0.5224270576,0.0002903178981,0,1451.777513,4644.475991,71.31338271
C07L06,6,7,584677.35,9517714.187,25.52,0.1145304108,0.6108288576,0.2746407316,0,527.1803615,414.4598618,394.8249904
C08L06,6,8,589677.35,9517714.187,10.7,0.2267641997,0.319707401,0.4535283993,0,1440.796444,3586.25572,523.2280693
C09L06,6,9,594677.35,9517714.187,15.24,0.03062853825,0.7413267528,0.228044709,0,1736.161361,7371.212599,68.67619919
C10L06,6,10,599677.35,9517714.187,10.23333333,0.49862099,0.3263173175,0.1750616926,0,4083.011974,4261.752751,77.1116284
C11L06,6,11,604677.35,9517714.187,32.56,0.4110728629,0.3696213425,0.2193057946,0,5062.02784,5031.46478,149.1860928
C12L06,6,12,609677.35,9517714.187,33.72,0.4179126143,0.5820873857,0,0,1242.413895,4507.037998,151.0996736
C13L06,6,13,614677.35,9517714.187,44.7,0.299027435,0.700972565,0,0,538.5174354,7061.440957,131.4600713
C14L06,6,14,619677.35,9517714.187,41.84,0.5391566265,0.4608433735,0,0,858.265311,9211.778446,89.06536289
C15L06,6,15,624677.35,9517714.187,37.2,0.3073014951,0.6926985049,0,0,784.0077216,12670.97706,88.65324087
C16L06,6,16,629677.35,9517714.187,38.08,0.2824793148,0.7175206852,0,0,830.3301991,16918.93782,84.43688257
C17L06,6,17,634677.35,9517714.187,54.8,0.2390992542,0.7609007458,0,0,556.2252531,14061.86213,2032.953776
C18L06,6,18,639677.35,9517714.187,83.08,0.4314123966,0.5685876034,0,0,979.4130287,11071.09715,75.78459994
C19L06,6,19,644677.35,9517714.187,106.92,0.7115691682,0.2884308318,0,0,689.4032909,9869.266315,75.78459994
C20L06,6,20,649677.35,9517714.187,125.6,0.8056511761,0.1943488239,0,0,857.9312925,11056.02293,70.5101532
C21L06,6,21,654677.35,9517714.187,120.56,0.90884018,0.09115982,0,0,1170.880154,14038.12197,40.42876215
C22L06,6,22,659677.35,9517714.187,90.36666667,0.928872115,0.07112788503,0,0,3802.565712,17924.25074,35.98133736
C23L06,6,23,664677.35,9517714.187,75.04,0.9568273092,0.04317269076,0,0,5019.862563,17543.61698,26.29495532
C24L06,6,24,669677.35,9517714.187,118.32,1,0,0,0,4145.68157,18554.73602,18.72007719
C25L06,6,25,674677.35,9517714.187,121.1,1,0,0,0,5316.592846,19997.97454,18.72007719
C26L06,6,26,679677.35,9517714.187,110.68,0.9680149168,0.03198508319,0,0,8951.725686,21597.31245,29.96593019
C27L06,6,27,684677.35,9517714.187,107.5,0.960226448,0.03977355204,0,0,9526.829376,21564.26558,50.03835667
C28L06,6,28,689677.35,9517714.187,137.08,0.9896937146,0.01030628538,0,0,10645.13095,22662.5505,74.23365626
C29L06,6,29,694677.35,9517714.187,138.08,0.9998565691,0.0001434308663,0,0,12312.25155,24741.96516,84.02880759
C30L06,6,30,699677.35,9517714.187,156.9,0.9061150261,0.09388497386,0,0,15116.62373,26993.49289,85.01156296
C00L07,7,0,549677.35,9522714.187,68.36666667,1,0,0,0,17906.08511,15900.74875,8.196452724
C01L07,7,1,554677.35,9522714.187,63.19444444,1,0,0,0,12907.95257,11120.14828,8.005083111
C02L07,7,2,559677.35,9522714.187,56.16666667,1,0,0,0,7912.180173,6669.451584,8.005083111
C03L07,7,3,564677.35,9522714.187,39.41666667,0.874582668,0.125417332,0,0,2930.861746,3912.220751,17.85734918
C04L07,7,4,569677.35,9522714.187,37.7,0.789084047,0.210915953,0,0,812.3136909,4002.259985,52.22373549
C05L07,7,5,574677.35,9522714.187,30.19444444,0.7346528973,0.2653471027,0,0,745.5833844,4563.779974,71.31338271
C06L07,7,6,579677.35,9522714.187,47.06666667,0.8468573088,0.1531426912,0,0,3553.870186,6973.074924,71.31338271
C07L07,7,7,584677.35,9522714.187,38.4,0.7552620119,0.2447379881,0,0,956.7089304,3492.673914,556.8469437
C08L07,7,8,589677.35,9522714.187,30.11111111,0.2609007458,0.7390992542,0,0,770.664994,3369.107302,771.2938152
C09L07,7,9,594677.35,9522714.187,27.96666667,0.03962839309,0.9603716069,0,0,2967.308559,4837.679388,71.31338271
C10L07,7,10,599677.35,9522714.187,17.72222222,0.3062853825,0.6937146175,0,0,130.9504545,625.5984202,75.41338463
C11L07,7,11,604677.35,9522714.187,8.166666667,0.2279116466,0.260757315,0.5113310384,0,1878.767981,4574.141223,122.0755081
C12L07,7,12,609677.35,9522714.187,13.06666667,0.5934097837,0.1605457976,0.2460444186,0,3873.59643,687.9860404,151.0996736
C13L07,7,13,614677.35,9522714.187,21.72222222,0.2162868341,0.6977790681,0.08593409784,0,962.3956394,2692.144285,131.4050491
C14L07,7,14,619677.35,9522714.187,32.73333333,0.2933161216,0.7066838784,0,0,2751.486152,5739.724582,89.06536289
C15L07,7,15,624677.35,9522714.187,25.83333333,0.3826389897,0.6173610103,0,0,1287.934685,10423.11065,89.06536289
C16L07,7,16,629677.35,9522714.187,36.56666667,0.5167658586,0.4832341414,0,0,805.6939122,12716.64304,87.16156667
C17L07,7,17,634677.35,9522714.187,37.19444444,0.3592943201,0.6407056799,0,0,335.8565867,11137.47927,68.11257035
C18L07,7,18,639677.35,9522714.187,46.26666667,0.3538975178,0.6461024822,0,0,247.0274888,6991.185156,70.23758951
C19L07,7,19,644677.35,9522714.187,60.26666667,0.4006386994,0.5993613006,0,0,206.6526155,4869.280784,74.31289855
C20L07,7,20,649677.35,9522714.187,86.88888889,0.6602122777,0.3397877223,0,0,273.4433528,6967.289346,53.58969472
C21L07,7,21,654677.35,9522714.187,101.4,0.6700537088,0.3299462912,0,0,443.921558,11107.49055,35.98133736
C22L07,7,22,659677.35,9522714.187,133.8611111,0.8686311511,0.1313688489,0,0,2116.782699,13085.10225,35.98133736
C23L07,7,23,664677.35,9522714.187,80.83333333,0.71026965,0.28973035,0,0,478.9608502,12558.64773,30.98536624
C24L07,7,24,669677.35,9522714.187,78.13333333,0.8769052112,0.1230947888,0,0,364.8466956,13918.30385,18.92044467
C25L07,7,25,674677.35,9522714.187,69.63888889,0.9509362752,0.04906372478,0,0,3501.444307,15392.6223,28.84393574
C26L07,7,26,679677.35,9522714.187,87.46666667,0.9039013196,0.09609868044,0,0,3961.135908,16646.12973,55.56868681
C27L07,7,27,684677.35,9522714.187,115.1944444,0.9644360575,0.03556394252,0,0,4530.284593,16603.23101,56.56231728
C28L07,7,28,689677.35,9522714.187,145.4333333,0.8828567281,0.1171432719,0,0,6166.946022,18006.69112,74.50151337
C29L07,7,29,694677.35,9522714.187,149.6666667,0.9862306368,0.01376936317,0,0,8059.28023,20562.45535,85.40792777
C30L07,7,30,699677.35,9522714.187,138.2083333,0.6847010684,0.3152989316,0,0,11911.03574,22164.37969,84.96102727
C00L08,8,0,549677.35,9527714.187,77,1,0,0,0,18702.47529,15457.52672,15.98111372
C01L08,8,1,554677.35,9527714.187,60.6,1,0,0,0,13991.78107,10476.59387,8.005083111
C02L08,8,2,559677.35,9527714.187,48.84,1,0,0,0,9579.002718,5530.181355,8.005083111
C03L08,8,3,564677.35,9527714.187,41.06666667,0.9181009753,0.08189902467,0,0,6143.667355,1186.082873,17.96376866
C04L08,8,4,569677.35,9527714.187,49,0.848680436,0.151319564,0,0,2481.894378,2541.905551,60.56022265
C05L08,8,5,574677.35,9527714.187,52.13333333,0.7763605442,0.2236394558,0,0,613.6539433,3357.273669,71.31338271
C06L08,8,6,579677.35,9527714.187,52.96,0.7938898451,0.2061101549,0,0,1197.928499,7311.9628,75.34371716
C07L08,8,7,584677.35,9527714.187,40.52,0.5292598967,0.4707401033,0,0,250.6791089,6609.479408,80.12766703
C08L08,8,8,589677.35,9527714.187,31.13333333,0.3353174603,0.6646825397,0,0,709.715344,7360.625663,79.56386759
C09L08,8,9,594677.35,9527714.187,28.32,0.1672403901,0.8327596099,0,0,821.7120815,6517.016844,81.81753492
C10L08,8,10,599677.35,9527714.187,24.3,0.1540447504,0.8459552496,0,0,1199.289765,4411.319539,86.68272693
C11L08,8,11,604677.35,9527714.187,20.16,0.2922335601,0.6950113379,0.01275510204,0,249.0352263,6815.274873,1721.98651
C12L08,8,12,609677.35,9527714.187,10.16,0.001290877797,0.7699368904,0.2287722318,0,871.3906741,5444.117886,730.4859946
C13L08,8,13,614677.35,9527714.187,8.166666667,0.02409638554,0.3668961561,0.6090074584,0,3980.221456,2309.808863,2179.491897
C14L08,8,14,619677.35,9527714.187,22.52,0.2738095238,0.5693027211,0.1568877551,0,6482.433697,5570.6386,89.06536289
C15L08,8,15,624677.35,9527714.187,36.1,0.6087205967,0.3912794033,0,0,3408.804168,9034.384748,89.65677846
C16L08,8,16,629677.35,9527714.187,47.68,0.5149168101,0.4850831899,0,0,1566.795134,7718.876599,114.4305591
C17L08,8,17,634677.35,9527714.187,61.73333333,0.5996315193,0.4003684807,0,0,1012.92906,9251.863494,113.7077059
C18L08,8,18,639677.35,9527714.187,39.44,0.4407630522,0.5592369478,0,0,1101.919853,5018.380978,74.44544258
C19L08,8,19,644677.35,9527714.187,45.4,0.2548766495,0.7451233505,0,0,568.9325788,131.8071259,96.71510724
C20L08,8,20,649677.35,9527714.187,49.26666667,0.4389172336,0.5610827664,0,0,421.6462761,4985.037472,45.00542122
C21L08,8,21,654677.35,9527714.187,62.8,0.5348537005,0.4651462995,0,0,722.1195726,9984.178688,35.98133736
C22L08,8,22,659677.35,9527714.187,90.03333333,0.5387263339,0.4612736661,0,0,643.6349455,8435.700142,34.54564312
C23L08,8,23,664677.35,9527714.187,111.36,0.637329932,0.3623866213,0,0.000283446712,732.306901,7593.468833,21.66179016
C24L08,8,24,669677.35,9527714.187,82.24,0.7203098107,0.2796901893,0,0,412.3890709,8985.155407,18.72041472
C25L08,8,25,674677.35,9527714.187,61.06666667,0.7637693632,0.2362306368,0,0,2558.898766,11133.13329,33.50974987
C26L08,8,26,679677.35,9527714.187,77.72,0.7256235828,0.2743764172,0,0,327.1155154,11736.41193,56.56231728
C27L08,8,27,684677.35,9527714.187,81.66666667,0.4895295468,0.5104704532,0,0,535.2373522,11675.48757,56.56231728
C28L08,8,28,689677.35,9527714.187,147.84,0.6996557659,0.3003442341,0,0,1179.696051,13597.45031,74.76937049
C29L08,8,29,694677.35,9527714.187,144.12,0.6784297052,0.3215702948,0,0,5320.945157,16293.9149,88.12384868
C30L08,8,30,699677.35,9527714.187,160.75,0.7223719677,0.2776280323,0,0,10258.32501,17431.89018,84.91049158
C00L09,9,0,549677.35,9532714.187,74.88,1,0,0,0,20710.80105,11454.36368,24.19586219
C01L09,9,1,554677.35,9532714.187,52.93333333,1,0,0,0,16249.30419,10772.32276,8.803951434
C02L09,9,2,559677.35,9532714.187,37.64,1,0,0,0,11299.98787,5949.886038,8.005083111
C03L09,9,3,564677.35,9532714.187,35.3,0.9298882276,0.07011177239,0,0,6429.58515,2181.593495,8.005083111
C04L09,9,4,569677.35,9532714.187,46.64,0.7089563072,0.2910436928,0,0,2018.724023,2215.619553,52.33384423
C05L09,9,5,574677.35,9532714.187,58.76666667,0.7429718876,0.2570281124,0,0,146.3545824,3606.961748,71.31338271
C06L09,9,6,579677.35,9532714.187,55.6,0.7115691682,0.2884308318,0,0,2478.34622,2860.584503,84.27454539
C07L09,9,7,584677.35,9532714.187,51.72,0.4617506169,0.5382493831,0,0,1986.113678,2049.877052,86.9472362
C08L09,9,8,589677.35,9532714.187,38.13333333,0.4847963282,0.5152036718,0,0,663.5997038,3833.482495,86.9472362
C09L09,9,9,594677.35,9532714.187,38.76,0.150965307,0.849034693,0,0,378.7106531,8671.16948,86.9472362
C10L09,9,10,599677.35,9532714.187,33.73333333,0.1034983307,0.8965016693,0,0,284.5546962,8360.285912,86.9472362
C11L09,9,11,604677.35,9532714.187,29.04,0.1711130235,0.8288869765,0,0,386.4714853,7620.499994,79.92783202
C12L09,9,12,609677.35,9532714.187,22.68,0.148062128,0.8440992887,0.007838583249,0,2456.55646,8816.23478,378.6893749
C13L09,9,13,614677.35,9532714.187,10.33333333,0.1580780955,0.6572797213,0.1846421832,0,4983.852188,7309.08976,305.4588564
C14L09,9,14,619677.35,9532714.187,3.72,0.368043603,0.1280837636,0.5038726334,0,7996.145851,8894.919367,104.7189309
C15L09,9,15,624677.35,9532714.187,14.13333333,0.1360139353,0.3514298156,0.5125562491,0,3012.351311,5430.299571,124.9613424
C16L09,9,16,629677.35,9532714.187,34.32,0.387429235,0.5566845696,0.05588619538,0,1172.765486,2729.304235,138.9823193
C17L09,9,17,634677.35,9532714.187,44.16666667,0.5530694205,0.4469305795,0,0,2391.826709,5136.004744,138.9823193
C18L09,9,18,639677.35,9532714.187,53.68,0.6093772681,0.3906227319,0,0,2117.421964,7175.766538,133.7265142
C19L09,9,19,644677.35,9532714.187,47.08,0.6024096386,0.3975903614,0,0,1761.965232,5130.774881,138.9823193
C20L09,9,20,649677.35,9532714.187,39.26666667,0.4642857143,0.5357142857,0,0,2685.633606,7152.487425,129.2412027
C21L09,9,21,654677.35,9532714.187,50.44,0.3984613151,0.6015386849,0,0,486.0572411,9197.958519,86.22301473
C22L09,9,22,659677.35,9532714.187,55.23333333,0.3268979533,0.6731020467,0,0,1009.960565,4593.710151,59.36331884
C23L09,9,23,664677.35,9532714.187,62.88,0.5351405622,0.4648594378,0,0,1886.302068,2757.155234,24.26066039
C24L09,9,24,669677.35,9532714.187,80.08,0.5742488024,0.4257511976,0,0,1019.064356,4212.701431,18.72007719
C25L09,9,25,674677.35,9532714.187,73.4,0.6330381768,0.3669618232,0,0,1099.200922,6182.358563,25.7729747
C26L09,9,26,679677.35,9532714.187,66.6,0.6583476764,0.3416523236,0,0,904.3371253,6956.514563,56.56231728
C27L09,9,27,684677.35,9532714.187,92.43333333,0.4746697634,0.5253302366,0,0,1214.951607,6853.22843,56.56231728
C28L09,9,28,689677.35,9532714.187,136.08,0.6103933808,0.3896066192,0,0,735.9570529,9774.476199,75.57842737
C29L09,9,29,694677.35,9532714.187,114.52,0.6685312679,0.3314687321,0,0,4346.648785,11318.24771,90.8397696
C30L09,9,30,699677.35,9532714.187,148.7,0.5203455331,0.4796544669,0,0,6089.598602,12902.78512,84.85995589
C00L10,10,0,549677.35,9537714.187,74.66666667,1,0,0,0,21208.75289,6474.591278,25.44845674
C01L10,10,1,554677.35,9537714.187,71.25,1,0,0,0,16248.04995,7693.147087,9.001274785
C02L10,10,2,559677.35,9537714.187,49.73333333,1,0,0,0,11321.97223,9026.347383,8.005083111
C03L10,10,3,564677.35,9537714.187,53.5,0.9621135143,0.0378864857,0,0,6509.607002,6583.732819,8.005083111
C04L10,10,4,569677.35,9537714.187,54.9,0.8350994339,0.1649005661,0,0,2561.817986,3092.949798,51.69629454
C05L10,10,5,574677.35,9537714.187,79.13888889,0.8726333907,0.1273666093,0,0,4188.384774,4210.500774,70.90798617
C06L10,10,6,579677.35,9537714.187,81.56666667,0.8123094789,0.1876905211,0,0,2149.789336,3591.808377,77.60935557
C07L10,10,7,584677.35,9537714.187,75.63333333,0.5823777036,0.4176222964,0,0,141.4363666,3836.505417,85.9968629
C08L10,10,8,589677.35,9537714.187,46.44444444,0.5476190476,0.4523809524,0,0,533.8371199,5021.191684,86.9472362
C09L10,10,9,594677.35,9537714.187,31.23333333,0.3656553927,0.6343446073,0,0,1911.264579,5613.231096,86.9472362
C10L10,10,10,599677.35,9537714.187,31.61111111,0.1853679779,0.8146320221,0,0,318.2324149,4453.918498,86.14239622
C11L10,10,11,604677.35,9537714.187,29.36666667,0.2030981067,0.7969018933,0,0,470.8749518,2831.082763,54.95332739
C12L10,10,12,609677.35,9537714.187,22.26666667,0.2101901582,0.7898098418,0,0,810.6079851,6796.518905,82.09334882
C13L10,10,13,614677.35,9537714.187,21.77777778,0.1579329366,0.8420670634,0,0,1653.356904,11591.82077,103.1307649
C14L10,10,14,619677.35,9537714.187,17.93333333,0.392713712,0.5833333333,0.02395295468,0,5163.909053,9969.716692,109.7083983
C15L10,10,15,624677.35,9537714.187,11.55555556,0.3621715779,0.3448976629,0.2929307592,0,4374.939795,5230.315391,109.713837
C16L10,10,16,629677.35,9537714.187,5.5,0.1968355349,0.1316591668,0.6715052983,0,2712.300208,1964.506329,119.5887419
C17L10,10,17,634677.35,9537714.187,20.33333333,0.2429718876,0.4700229489,0.2870051635,0,2365.41988,4142.476474,136.3484392
C18L10,10,18,639677.35,9537714.187,31.73333333,0.3202206416,0.6797793584,0,0,1629.946419,3089.574914,138.9823193
C19L10,10,19,644677.35,9537714.187,43.5,0.6042967049,0.3957032951,0,0,776.61823,5603.60395,138.9823193
C20L10,10,20,649677.35,9537714.187,49.52777778,0.6583476764,0.3416523236,0,0,3004.326228,8016.440054,132.1797142
C21L10,10,21,654677.35,9537714.187,62.8,0.6445057338,0.3554942662,0,0,2448.457827,9194.758126,131.4198155
C22L10,10,22,659677.35,9537714.187,53.86111111,0.4761213529,0.5238786471,0,0,2471.428413,4587.298663,131.4198155
C23L10,10,23,664677.35,9537714.187,45.76666667,0.4268502582,0.5731497418,0,0,2073.064342,2746.459731,282.3734906
C24L10,10,24,669677.35,9537714.187,47.8,0.4450573378,0.5549426622,0,0,1415.890846,2181.900319,1005.016166
C25L10,10,25,674677.35,9537714.187,50.13888889,0.5206851502,0.4793148498,0,0,263.0001771,1228.495853,113.9530405
C26L10,10,26,679677.35,9537714.187,55.66666667,0.4325874928,0.5674125072,0,0,952.3248389,3007.129005,81.30772851
C27L10,10,27,684677.35,9537714.187,63.11111111,0.4155900711,0.5844099289,0,0,1602.290424,2759.795264,63.03314084
C28L10,10,28,689677.35,9537714.187,77.96666667,0.5057337785,0.4942662215,0,0,1513.06693,7234.270325,76.1170656
C29L10,10,29,694677.35,9537714.187,84.9,0.4631382674,0.5368617326,0,0,907.1043284,6380.736608,93.55569051
C30L10,10,30,699677.35,9537714.187,121.1666667,0.5637644919,0.4362355081,0,0,3931.145622,8893.420725,84.80942021
C00L11,11,0,549677.35,9542714.187,72.16,1,0,0,0,22316.71964,1624.258975,25.56372045
C01L11,11,1,554677.35,9542714.187,76.73333333,1,0,0,0,17669.85862,4461.210273,21.92283724
C02L11,11,2,559677.35,9542714.187,85.04,1,0,0,0,13282.01158,9336.304247,18.04640527
C03L11,11,3,564677.35,9542714.187,94.2,1,0,0,0,9518.390607,9899.641725,16.44585202
C04L11,11,4,569677.35,9542714.187,90.56,0.9820711417,0.01792885829,0,0,7401.870562,8013.969484,39.06472247
C05L11,11,5,574677.35,9542714.187,95.7,0.9145408163,0.08545918367,0,0,8305.155982,8511.548654,29.34250742
C06L11,11,6,579677.35,9542714.187,90,0.5547905909,0.4452094091,0,0,6365.326354,8223.091337,25.56372045
C07L11,11,7,584677.35,9542714.187,101.64,0.6415662651,0.3584337349,0,0,1861.435854,7742.598506,56.762729
C08L11,11,8,589677.35,9542714.187,82.16666667,0.5399659864,0.4600340136,0,0,1633.239591,3054.729463,86.9472362
C09L11,11,9,594677.35,9542714.187,49.2,0.4683017785,0.5316982215,0,0,2301.687227,1435.165377,86.9472362
C10L11,11,10,599677.35,9542714.187,25.73333333,0.4704532415,0.5295467585,0,0,2452.373226,3662.641667,58.91328988
C11L11,11,11,604677.35,9542714.187,22.36,0.2943594104,0.7056405896,0,0,533.0628525,2820.999657,31.41362408
C12L11,11,12,609677.35,9542714.187,28.56,0.3250143431,0.6749856569,0,0,1621.854312,6557.137478,31.41362408
C13L11,11,13,614677.35,9542714.187,25.4,0.2743832473,0.7256167527,0,0,1271.292851,7312.060791,48.72894892
C14L11,11,14,619677.35,9542714.187,24.28,0.183531746,0.816468254,0,0,372.7823179,9503.446388,108.843
C15L11,11,15,624677.35,9542714.187,13.56666667,0.2319277108,0.6830177854,0.08505450373,0,176.0848649,8673.191151,109.7083983
C16L11,11,16,629677.35,9542714.187,16.08,0.4708835341,0.4479345955,0.08118187034,0,3070.343028,4284.304893,109.7083983
C17L11,11,17,634677.35,9542714.187,3.266666667,0.3969671202,0.1826814059,0.4203514739,0,1580.424653,1689.000642,111.6189862
C18L11,11,18,639677.35,9542714.187,5.44,0.2783993115,0.1993689042,0.5222317843,0,2989.639167,2600.915287,125.5398538
C19L11,11,19,644677.35,9542714.187,23.28,0.3004876649,0.495697074,0.203815261,0,2076.310666,2400.709972,136.778895
C20L11,11,20,649677.35,9542714.187,36.1,0.5440759637,0.4559240363,0,0,3985.685668,3030.545395,131.4256666
C21L11,11,21,654677.35,9542714.187,40.2,0.6874641423,0.3125358577,0,0,2007.427805,6053.2312,131.4198155
C22L11,11,22,659677.35,9542714.187,47.56666667,0.5813253012,0.4186746988,0,0,3138.460809,8425.226708,100.4666633
C23L11,11,23,664677.35,9542714.187,59.88,0.6065759637,0.3934240363,0,0,2144.607405,6968.564088,117.2329854
C24L11,11,24,669677.35,9542714.187,57.32,0.6477337923,0.3522662077,0,0,1857.037587,6463.321488,221.364556
C25L11,11,25,674677.35,9542714.187,48.6,0.7841365462,0.2158634538,0,0,3040.938148,3846.666962,235.2084931
C26L11,11,26,679677.35,9542714.187,40.2,0.6471088435,0.3528911565,0,0,2335.081325,4437.629417,179.2568015
C27L11,11,27,684677.35,9542714.187,40.86666667,0.5682730924,0.4317269076,0,0,2484.559525,4273.897506,137.0501042
C28L11,11,28,689677.35,9542714.187,47.04,0.5738668962,0.4261331038,0,0,1269.765141,3865.971494,120.5079335
C29L11,11,29,694677.35,9542714.187,50.16,0.3983843537,0.6016156463,0,0,169.9904614,1823.422091,113.6075481
C30L11,11,30,699677.35,9542714.187,54.7,0.2931266846,0.689802336,0,0.01707097934,346.2829945,6457.863474,86.64007816
C00L12,12,0,549677.35,9547714.187,74.83333333,1,0,0,0,24418.45106,3654.600144,25.56372045
C01L12,12,1,554677.35,9547714.187,73.97222222,1,0,0,0,20259.53307,4291.832523,25.56372045
C02L12,12,2,559677.35,9547714.187,83,1,0,0,0,16572.16365,8285.374052,25.56372045
C03L12,12,3,564677.35,9547714.187,91.44444444,1,0,0,0,13741.34405,12995.19219,25.56372045
C04L12,12,4,569677.35,9547714.187,90.5,1,0,0,0,12369.8207,12995.42517,25.56372045
C05L12,12,5,574677.35,9547714.187,94.69444444,0.9984222605,0.00157773953,0,0,9595.384678,13310.31946,25.56372045
C06L12,12,6,579677.35,9547714.187,83.3,0.7780519669,0.2219480331,0,0,6448.345157,12997.03623,25.56372045
C07L12,12,7,584677.35,9547714.187,95.96666667,0.8757439396,0.1242560604,0,0,3665.535722,8264.774119,26.20338739
C08L12,12,8,589677.35,9547714.187,90.16666667,0.6006884682,0.3993115318,0,0,1312.458034,4205.951938,60.30092675
C09L12,12,9,594677.35,9547714.187,71.86666667,0.4524604442,0.5475395558,0,0,728.477958,815.1761995,73.72935537
C10L12,12,10,599677.35,9547714.187,53.75,0.3925097982,0.6074902018,0,0,1194.543726,5337.396645,32.11487377
C11L12,12,11,604677.35,9547714.187,39.2,0.433448078,0.566551922,0,0,961.7155611,1169.655179,31.41362408
C12L12,12,12,609677.35,9547714.187,44.8,0.3295108143,0.6704891857,0,0,745.680906,3879.293504,31.41362408
C13L12,12,13,614677.35,9547714.187,40.66666667,0.4277834228,0.5722165772,0,0,301.4765715,2512.390098,31.41362408
C14L12,12,14,619677.35,9547714.187,27.5,0.2640562249,0.7359437751,0,0,466.4424485,6425.18106,53.41742931
C15L12,12,15,624677.35,9547714.187,29.30555556,0.1920452896,0.8079547104,0,0,1015.136424,4715.54002,103.5153843
C16L12,12,16,629677.35,9547714.187,27.93333333,0.3292204964,0.6707795036,0,0,630.5221754,5421.115956,109.7083983
C17L12,12,17,634677.35,9547714.187,18.05555556,0.3217154332,0.6594951234,0.01878944349,0,2108.788232,3164.668315,109.7083983
C18L12,12,18,639677.35,9547714.187,7.033333333,0.4723472202,0.2784148643,0.2492379155,0,362.5312292,330.9351276,109.7083983
C19L12,12,19,644677.35,9547714.187,3.933333333,0.390332414,0.1711424009,0.4385251851,0,797.1849872,1329.857824,2813.610387
C20L12,12,20,649677.35,9547714.187,8.472222222,0.1746987952,0.3188468158,0.506454389,0,3530.410089,1625.123649,120.0215798
C21L12,12,21,654677.35,9547714.187,30.66666667,0.3756713601,0.6131514008,0.01117723908,0,2134.352791,3375.161008,131.4198155
C22L12,12,22,659677.35,9547714.187,33.97222222,0.7561329656,0.2438670344,0,0,3918.070462,6581.384411,91.52425524
C23L12,12,23,664677.35,9547714.187,41.83333333,0.6353987378,0.3646012622,0,0,799.8881186,11059.8266,55.34822215
C24L12,12,24,669677.35,9547714.187,47.43333333,0.5931194658,0.4068805342,0,0,1344.010858,10333.99093,55.34822215
C25L12,12,25,674677.35,9547714.187,56.33333333,0.7626651183,0.2373348817,0,0,2908.079238,8836.542954,57.96185415
C26L12,12,26,679677.35,9547714.187,46.1,0.8509753299,0.1490246701,0,0,3461.823723,8963.385791,107.5681663
C27L12,12,27,684677.35,9547714.187,34.55555556,0.8268253738,0.1731746262,0,0,3293.10018,8883.463845,166.2798153
C28L12,12,28,689677.35,9547714.187,32.96666667,0.7885034112,0.2114965888,0,0,258.710408,5249.4575,126.8434177
C29L12,12,29,694677.35,9547714.187,37.1,0.9146586345,0.08534136546,0,0,3908.814623,3991.98404,78.09647107
C30L12,12,30,699677.35,9547714.187,44.95833333,0.972721073,0.008411002501,0,0.01886792453,4658.896039,7369.875786,15.5818516
C00L13,13,0,549677.35,9552714.187,74.88,1,0,0,0,27285.26211,2910.529869,25.56372045
C01L13,13,1,554677.35,9552714.187,69.26666667,1,0,0,0,23636.27417,2949.369576,25.56372045
C02L13,13,2,559677.35,9552714.187,78.44,1,0,0,0,20563.59367,7676.351846,25.56372045
C03L13,13,3,564677.35,9552714.187,86.36666667,1,0,0,0,15997.73175,12462.18227,25.56372045
C04L13,13,4,569677.35,9552714.187,88.12,1,0,0,0,11325.54458,17346.83185,25.56372045
C05L13,13,5,574677.35,9552714.187,79.83333333,0.9716006885,0.02839931153,0,0,6920.375636,18217.64935,25.56372045
C06L13,13,6,579677.35,9552714.187,76.52,0.8557120046,0.1442879954,0,0,2589.782293,15075.86185,25.56372045
C07L13,13,7,584677.35,9552714.187,79,0.7382784149,0.2617215851,0,0,255.8987317,11254.56134,25.56372045
C08L13,13,8,589677.35,9552714.187,85.3,0.7565978199,0.2434021801,0,0,3263.058968,7449.057645,47.02147293
C09L13,13,9,594677.35,9552714.187,73.4,0.7275366526,0.2724633474,0,0,2384.620114,5771.633262,38.02850869
C10L13,13,10,599677.35,9552714.187,71.6,0.5553781391,0.4446218609,0,0,2313.317635,7729.174249,31.41362408
C11L13,13,11,604677.35,9552714.187,70.68,0.7692197361,0.2307802639,0,0,1905.915884,4839.520578,31.41362408
C12L13,13,12,609677.35,9552714.187,61.4,0.586877631,0.413122369,0,0,1420.906199,4723.210218,31.41362408
C13L13,13,13,614677.35,9552714.187,71.06666667,0.4858470025,0.5141529975,0,0,2939.847156,3026.214631,31.41362408
C14L13,13,14,619677.35,9552714.187,37.32,0.298336202,0.701663798,0,0,102.7873789,1425.190191,31.41362408
C15L13,13,15,624677.35,9552714.187,49.53333333,0.4870082741,0.5129917259,0,0,731.3913801,452.7279471,35.09001266
C16L13,13,16,629677.35,9552714.187,51.56,0.1974161707,0.8025838293,0,0,729.7578445,5350.052567,63.13481494
C17L13,13,17,634677.35,9552714.187,37.13333333,0.5322719449,0.4677280551,0,0,389.8474249,653.161188,82.2162679
C18L13,13,18,639677.35,9552714.187,22.36,0.3749455654,0.6231673683,0.001887066338,0,1265.56179,1281.04391,106.9359992
C19L13,13,19,644677.35,9552714.187,9.4,0.4862824793,0.2305124111,0.2832051096,0,1875.336298,3145.542917,102.6087071
C20L13,13,20,649677.35,9552714.187,2.066666667,0.5669822146,0,0.4330177854,0,4967.913877,4219.897055,100.8646858
C21L13,13,21,654677.35,9552714.187,16.24,0.3746552475,0.1888517927,0.4364929598,0,4095.343053,1301.62734,122.5855323
C22L13,13,22,659677.35,9552714.187,27.83333333,0.4790245319,0.5137175207,0.007257947452,0,875.9809724,5540.701888,97.26428987
C23L13,13,23,664677.35,9552714.187,26.44,0.6735513483,0.3264486517,0,0,1713.847707,8341.611104,55.34822215
C24L13,13,24,669677.35,9552714.187,38.2,0.6530701118,0.3469298882,0,0,862.7945716,12169.26665,55.34822215
C25L13,13,25,674677.35,9552714.187,44.36666667,0.7298591958,0.2701408042,0,0,2802.781134,13833.73182,55.34822215
C26L13,13,26,679677.35,9552714.187,38.88,0.8221457258,0.1778542742,0,0,1687.977746,13819.98606,55.34822215
C27L13,13,27,684677.35,9552714.187,31.36666667,0.7790680795,0.2209319205,0,0,767.2945243,12320.2573,52.58602567
C28L13,13,28,689677.35,9552714.187,36.4,0.9351139498,0.06488605022,0,0,4864.533907,9495.676516,17.18087503
C29L13,13,29,694677.35,9552714.187,50.44,1,0,0,0,6859.150919,8862.674824,10.72570992
C30L13,13,30,699677.35,9552714.187,73.35,0.9811320755,0,0,0.01886792453,9646.486775,10813.23899,6.785223671
C00L14,14,0,549677.35,9557714.187,71.4,1,0,0,0,30177.83033,3479.525288,25.56372045
C01L14,14,1,554677.35,9557714.187,66.83333333,1,0,0,0,25177.87911,2777.352114,25.56372045
C02L14,14,2,559677.35,9557714.187,73.86666667,1,0,0,0,20177.95207,7302.07322,25.56372045
C03L14,14,3,564677.35,9557714.187,76.88888889,1,0,0,0,15178.07309,12203.55939,25.56372045
C04L14,14,4,569677.35,9557714.187,88.06666667,1,0,0,0,10178.31302,17161.97688,25.56372045
C05L14,14,5,574677.35,9557714.187,82.25,1,0,0,0,5179.016233,22051.22966,25.56372045
C06L14,14,6,579677.35,9557714.187,65.23333333,0.8435169248,0.1564830752,0,0,215.3191332,18234.2841,25.56372045
C07L14,14,7,584677.35,9557714.187,75.93333333,0.9660068847,0.03399311532,0,0,3938.069599,14502.15182,25.56372045
C08L14,14,8,589677.35,9557714.187,82.47222222,0.9713718821,0.02862811791,0,0,7235.347274,11753.1144,25.63977658
C09L14,14,9,594677.35,9557714.187,88.26666667,0.8736374068,0.1263625932,0,0,2968.130854,10418.14265,29.08216794
C10L14,14,10,599677.35,9557714.187,84.30555556,0.7256167527,0.2743832473,0,0,1795.157768,6093.874904,31.41362408
C11L14,14,11,604677.35,9557714.187,84.7,0.727324263,0.272675737,0,0,1277.364162,2371.871893,31.41362408
C12L14,14,12,609677.35,9557714.187,74.86666667,0.6949225473,0.3050774527,0,0,3096.827028,2644.01763,31.41362408
C13L14,14,13,614677.35,9557714.187,81.77777778,0.6573436604,0.3426563396,0,0,6248.640805,6141.787206,31.41362408
C14L14,14,14,619677.35,9557714.187,69.53333333,0.5555555556,0.4444444444,0,0,2967.904541,3395.800951,31.41362408
C15L14,14,15,624677.35,9557714.187,66.66666667,0.2987664945,0.7012335055,0,0,1860.678453,2898.067622,31.41362408
C16L14,14,16,629677.35,9557714.187,105.7,0.4539586919,0.5460413081,0,0,2442.535825,6410.140175,73.08679577
C17L14,14,17,634677.35,9557714.187,83.13888889,0.4426020408,0.5573979592,0,0,1191.096719,4498.251119,77.16983488
C18L14,14,18,639677.35,9557714.187,65.8,0.6460126219,0.3539873781,0,0,1972.166185,4117.382197,87.95879813
C19L14,14,19,644677.35,9557714.187,37.9,0.5185025818,0.4767641997,0.004733218589,0,1416.580216,2868.682831,100.814182
C20L14,14,20,649677.35,9557714.187,15.13888889,0.4469954649,0.3664965986,0.1865079365,0,2443.3067,2114.788597,100.814182
C21L14,14,21,654677.35,9557714.187,1.466666667,0.2547332186,0.002581755594,0.7426850258,0,6839.911967,4855.153334,92.07580149
C22L14,14,22,659677.35,9557714.187,15.83333333,0.4799196787,0.2372346529,0.2828456684,0,3969.137728,1442.597954,68.63197882
C23L14,14,23,664677.35,9557714.187,31.2,0.5902777778,0.4051870748,0.004535147392,0,2925.86122,5530.792332,55.34822215
C24L14,14,24,669677.35,9557714.187,44.9,0.6582042456,0.3417957544,0,0,257.9766182,10445.01023,55.34822215
C25L14,14,25,674677.35,9557714.187,60.88888889,0.8400745841,0.1599254159,0,0,2024.436455,15238.96545,55.34822215
C26L14,14,26,679677.35,9557714.187,44.06666667,0.8306405896,0.1693594104,0,0,2901.725753,12502.82773,55.34822215
C27L14,14,27,684677.35,9557714.187,32.47222222,0.9307228916,0.06927710843,0,0,4528.429602,11419.95336,55.26066903
C28L14,14,28,689677.35,9557714.187,28.5,0.9754733219,0.02452667814,0,0,7489.407493,12430.20387,17.66716766
C29L14,14,29,694677.35,9557714.187,44.83333333,1,0,0,0,11025.96479,13825.99268,10.72570992
C30L14,14,30,699677.35,9557714.187,48.16666667,0.9811320755,0,0,0.01886792453,13929.42826,15150.48534,6.781173295
C00L15,15,0,549677.35,9562714.187,71.32,1,0,0,0,29857.14169,7465.11696,25.56372045
C01L15,15,1,554677.35,9562714.187,66.16666667,1,0,0,0,24857.72248,7164.814008,25.56372045
C02L15,15,2,559677.35,9562714.187,72.4,1,0,0,0,19858.59571,9845.869606,25.56372045
C03L15,15,3,564677.35,9562714.187,75.36666667,1,0,0,0,14860.05654,13876.15714,25.56372045
C04L15,15,4,569677.35,9562714.187,80.16,1,0,0,0,9862.998379,18388.97293,25.56372045
C05L15,15,5,574677.35,9562714.187,74.16666667,1,0,0,0,4871.980474,23103.2663,25.56372045
C06L15,15,6,579677.35,9562714.187,67,0.9101466105,0.08985338946,0,0,440.0573274,21567.02008,25.56372045
C07L15,15,7,584677.35,9562714.187,75.56,1,0,0,0,4659.807397,18519.16968,25.56372045
C08L15,15,8,589677.35,9562714.187,82.13333333,0.9773379231,0.02266207688,0,0,8782.112541,14677.83424,25.56372045
C09L15,15,9,594677.35,9562714.187,80.52,0.8395993613,0.1604006387,0,0,4907.460079,9697.238423,25.93766738
C10L15,15,10,599677.35,9562714.187,88.96666667,0.700827406,0.299172594,0,0,3972.310881,4757.525412,28.64410106
C11L15,15,11,604677.35,9562714.187,93.12,0.5962421113,0.4037578887,0,0,846.7700668,1109.803163,31.17294978
C12L15,15,12,609677.35,9562714.187,95.8,0.9574684279,0.04253157207,0,0,3711.373171,5461.618632,31.41362408
C13L15,15,13,614677.35,9562714.187,89,0.6829728553,0.3170271447,0,0,6647.352522,7716.310519,31.41362408
C14L15,15,14,619677.35,9562714.187,100,0.57616179,0.42383821,0,0,2592.278097,3397.814256,31.18743476
C15L15,15,15,624677.35,9562714.187,93.4,0.5820873857,0.4179126143,0,0,1780.598308,3680.874273,31.4022194
C16L15,15,16,629677.35,9562714.187,113.76,0.5466686021,0.4533313979,0,0,409.4774045,6707.163666,86.11245736
C17L15,15,17,634677.35,9562714.187,108.3333333,0.5573723465,0.4426276535,0,0,617.4440825,1848.027395,2418.173693
C18L15,15,18,639677.35,9562714.187,83.2,0.712294963,0.287705037,0,0,1562.973626,3441.564479,100.814182
C19L15,15,19,644677.35,9562714.187,51.96,0.4293801713,0.5706198287,0,0,1686.993081,6428.47367,100.814182
C20L15,15,20,649677.35,9562714.187,36.86666667,0.4411933448,0.5588066552,0,0,1974.31241,6027.462559,100.814182
C21L15,15,21,654677.35,9562714.187,9,0.3734939759,0.4196545217,0.2068515024,0,6741.100597,2675.328474,226.5936418
C22L15,15,22,659677.35,9562714.187,3.333333333,0.2332704311,0.08186964726,0.6848599216,0,8605.058986,2800.851159,446.0524478
C23L15,15,23,664677.35,9562714.187,24.52,0.6739816408,0.2736660929,0.05235226621,0,3670.572343,6449.562142,55.34822215
C24L15,15,24,669677.35,9562714.187,33.6,0.6571345623,0.3428654377,0,0,1245.652658,10959.26215,55.34822215
C25L15,15,25,674677.35,9562714.187,58.43333333,0.7848744375,0.2151255625,0,0,1343.61462,11959.52019,79.20150985
C26L15,15,26,679677.35,9562714.187,46.92,0.8696213425,0.1303786575,0,0,2106.947605,8192.969953,74.5313092
C27L15,15,27,684677.35,9562714.187,26.66666667,0.9044854115,0.09551458847,0,0,3596.198992,6420.232866,62.58744033
C28L15,15,28,689677.35,9562714.187,32.56,0.9724197997,0.02758020032,0,0,8330.099565,8081.709192,12.65400395
C29L15,15,29,694677.35,9562714.187,47.48,1,0,0,0,13260.78694,11807.14431,10.72570992
C30L15,15,30,699677.35,9562714.187,61.9,0.9811320755,0,0,0.01886792453,17848.05087,16232.78443,6.777122919
C00L16,16,0,549677.35,9567714.187,65.6,1,0,0,0,30341.40936,12220.83656,91.24475128
C01L16,16,1,554677.35,9567714.187,60.73333333,1,0,0,0,25437.34615,12039.74397,25.56372045
C02L16,16,2,559677.35,9567714.187,67.84,1,0,0,0,20579.50523,13804.42043,25.56372045
C03L16,16,3,564677.35,9567714.187,78.9,1,0,0,0,15810.55003,16752.57473,25.56372045
C04L16,16,4,569677.35,9567714.187,73.04,1,0,0,0,11244.15177,19743.47328,25.56372045
C05L16,16,5,574677.35,9567714.187,68.76666667,1,0,0,0,7272.44153,23429.91067,25.56372045
C06L16,16,6,579677.35,9567714.187,60.52,0.9689359849,0.0310640151,0,0,5417.182157,25372.07766,25.56372045
C07L16,16,7,584677.35,9567714.187,74.68,0.9969516621,0.00304833793,0,0,7470.161928,20550.91092,25.56372045
C08L16,16,8,589677.35,9567714.187,76.46666667,0.9754733219,0.02452667814,0,0,11427.99396,15841.00864,25.56372045
C09L16,16,9,594677.35,9567714.187,75.72,0.9425170562,0.05748294382,0,0,9452.858197,11381.35184,25.56372045
C10L16,16,10,599677.35,9567714.187,87.26666667,0.9761939324,0.02380606764,0,0,6224.301308,7624.485867,25.56372045
C11L16,16,11,604677.35,9567714.187,107.16,0.9475043029,0.05249569707,0,0,1555.148545,6060.56101,27.1285473
C12L16,16,12,609677.35,9567714.187,99.52,0.9682101902,0.03178980984,0,0,3444.890606,8082.574761,23.41891005
C13L16,16,13,614677.35,9567714.187,98.3,0.9107272463,0.08927275367,0,0,8344.636983,10466.85844,25.2444762
C14L16,16,14,619677.35,9567714.187,122.36,0.9625645439,0.03743545611,0,0,5249.361527,7845.942859,27.65646013
C15L16,16,15,624677.35,9567714.187,114.0666667,0.9191464654,0.08085353462,0,0,1361.823363,7972.610177,41.0194586
C16L16,16,16,629677.35,9567714.187,99.08,0.723617361,0.276382639,0,0,1654.824141,8841.209564,100.2908424
C17L16,16,17,634677.35,9567714.187,91.66666667,0.6371199082,0.3628800918,0,0,260.9616469,6049.474967,100.814182
C18L16,16,18,639677.35,9567714.187,95.84,0.8390187255,0.1609812745,0,0,3107.254612,6710.090028,100.814182
C19L16,16,19,644677.35,9567714.187,70.72,0.7709391784,0.2290608216,0,0,5963.927526,10171.257,100.814182
C20L16,16,20,649677.35,9567714.187,42.06666667,0.4387550201,0.5612449799,0,0,6298.528988,8384.866944,89.10671184
C21L16,16,21,654677.35,9567714.187,27.76,0.3839454202,0.5836841341,0.03237044564,0,9011.991743,4581.853167,38.41789395
C22L16,16,22,659677.35,9567714.187,4.6,0.1798519379,0.2159965162,0.6041515459,0,7787.049884,4656.260647,46.17788318
C23L16,16,23,664677.35,9567714.187,37.44,0.7752438325,0.2132816982,0.01147446931,0,2901.110415,8506.947043,55.34822215
C24L16,16,24,669677.35,9567714.187,49.56,0.6375381042,0.3624618958,0,0,1674.437585,9939.628955,65.32033807
C25L16,16,25,674677.35,9567714.187,76.83333333,0.8512120772,0.1487879228,0,0,2130.673029,10189.90572,117.3614011
C26L16,16,26,679677.35,9567714.187,50.52,0.9495123351,0.05048766495,0,0,3606.553677,5284.771703,117.7291632
C27L16,16,27,684677.35,9567714.187,21.66666667,0.920307737,0.07969226303,0,0,7369.126823,1422.478593,100.9373196
C28L16,16,28,689677.35,9567714.187,29.24,1,0,0,0,10574.33361,5110.584971,36.03806148
C29L16,16,29,694677.35,9567714.187,45,1,0,0,0,14774.11395,10010.62996,18.33989045
C30L16,16,30,699677.35,9567714.187,70,0.9811320755,0,0,0.01886792453,19358.00492,14976.89372,8.29271249
C00L17,17,0,549677.35,9572714.187,65.73333333,1,0,0,0,31618.87623,11033.09643,329.8014498
C01L17,17,1,554677.35,9572714.187,57.44444444,1,0,0,0,26948.29848,9616.804199,25.56372045
C02L17,17,2,559677.35,9572714.187,70.73333333,1,0,0,0,22420.26422,10081.61196,25.56372045
C03L17,17,3,564677.35,9572714.187,76.08333333,1,0,0,0,18141.82197,12680.49197,25.56372045
C04L17,17,4,569677.35,9572714.187,74.26666667,1,0,0,0,14338.17147,16430.18117,25.56372045
C05L17,17,5,574677.35,9572714.187,66,0.9997165533,0.000283446712,0,0,11490.89282,20714.89392,25.56372045
C06L17,17,6,579677.35,9572714.187,63.46666667,0.9975616753,0.002438324727,0,0,10416.2409,25263.86366,25.56372045
C07L17,17,7,584677.35,9572714.187,67.23333333,1,0,0,0,11617.03625,22535.27627,25.56372045
C08L17,17,8,589677.35,9572714.187,67.58333333,0.987244898,0.01275510204,0,0,14540.04773,18342.19974,25.56372045
C09L17,17,9,594677.35,9572714.187,78.06666667,1,0,0,0,12158.61243,14664.03445,25.56372045
C10L17,17,10,599677.35,9572714.187,91.16666667,1,0,0,0,7322.220229,11984.63689,25.56372045
C11L17,17,11,604677.35,9572714.187,103.3333333,0.9841269841,0.01587301587,0,0,3065.609542,11055.72867,25.56372045
C12L17,17,12,609677.35,9572714.187,108.4,0.9895295468,0.01047045324,0,0,3896.282157,12281.15432,11.71561705
C13L17,17,13,614677.35,9572714.187,118.6944444,0.9832185886,0.01678141136,0,0,8424.017298,14476.4914,17.57190633
C14L17,17,14,619677.35,9572714.187,114.5333333,1,0,0,0,7559.907468,12711.11706,25.56372045
C15L17,17,15,624677.35,9572714.187,110.6944444,0.9777682157,0.02223178428,0,0,4499.478822,12789.6908,26.30610788
C16L17,17,16,629677.35,9572714.187,95.33333333,0.9440619621,0.05593803787,0,0,5773.943056,12702.28045,34.79623435
C17L17,17,17,634677.35,9572714.187,78.5,0.8211451247,0.1787131519,0,0.000141723356,1055.884368,10944.27199,35.56851866
C18L17,17,18,639677.35,9572714.187,71.53333333,0.8053643144,0.1946356856,0,0,1166.257019,11322.81989,45.34070344
C19L17,17,19,644677.35,9572714.187,64.1,0.6715433161,0.3284566839,0,0,993.39695,13661.45714,42.04668671
C20L17,17,20,649677.35,9572714.187,54.61111111,0.5976473923,0.4023526077,0,0,4833.680901,11581.9683,31.40345248
C21L17,17,21,654677.35,9572714.187,41,0.7350831899,0.2649168101,0,0,9784.789451,9210.286339,29.34978796
C22L17,17,22,659677.35,9572714.187,8.583333333,0.2531554791,0.3324727481,0.4143717728,0,7810.908284,9247.527195,36.02740163
C23L17,17,23,664677.35,9572714.187,19.53333333,0.4270124717,0.2403628118,0.3326247166,0,3176.310513,5778.472381,54.90200348
C24L17,17,24,669677.35,9572714.187,40.46666667,0.4211130235,0.5788869765,0,0,1371.908699,5095.696652,68.42845779
C25L17,17,25,674677.35,9572714.187,56.47222222,0.8395008606,0.1604991394,0,0,2092.464595,6745.113106,117.7291632
C26L17,17,26,679677.35,9572714.187,42.16666667,0.9190759637,0.08092403628,0,0,2667.45489,6186.785557,117.7291632
C27L17,17,27,684677.35,9572714.187,23.88888889,0.9294320138,0.07056798623,0,0,7581.650557,3336.543478,93.1785466
C28L17,17,28,689677.35,9572714.187,50.13333333,1,0,0,0,12467.59568,5829.985354,47.02921539
C29L17,17,29,694677.35,9572714.187,60.83333333,1,0,0,0,17306.65376,10336.58242,47.02921539
C30L17,17,30,699677.35,9572714.187,79.41666667,0.9811320755,0,0,0.01886792453,21613.84572,15155.89466,28.95780437
C00L18,18,0,549677.35,9577714.187,63.96,1,0,0,0,33599.18967,6137.325526,332.5417136
C01L18,18,1,554677.35,9577714.187,55.36666667,1,0,0,0,29246.5896,4756.998994,25.56372045
C02L18,18,2,559677.35,9577714.187,62.08,1,0,0,0,25136.03906,5637.820166,25.56372045
C03L18,18,3,564677.35,9577714.187,70.83333333,1,0,0,0,21407.42667,9536.298707,25.56372045
C04L18,18,4,569677.35,9577714.187,67.92,1,0,0,0,18295.77474,14145.56361,25.56372045
C05L18,18,5,574677.35,9577714.187,61.4,0.9995697074,0.000430292599,0,0,16161.46126,18953.96915,25.56372045
C06L18,18,6,579677.35,9577714.187,59.12,0.9997096821,0.0002903178981,0,0,15415.91018,23841.32806,25.56372045
C07L18,18,7,584677.35,9577714.187,63.68,1,0,0,0,16251.39204,25364.09693,25.56372045
C08L18,18,8,589677.35,9577714.187,69.63333333,1,0,0,0,18454.40869,21724.06564,25.56372045
C09L18,18,9,594677.35,9577714.187,76.6,1,0,0,0,14025.58753,18722.51701,25.56372045
C10L18,18,10,599677.35,9577714.187,84.56666667,1,0,0,0,10124.23618,16707.19181,25.56372045
C11L18,18,11,604677.35,9577714.187,95.4,1,0,0,0,7634.344176,16053.90523,25.56372045
C12L18,18,12,609677.35,9577714.187,100.32,0.9995645232,0.0004354768471,0,0,8004.140415,16921.15505,25.56372045
C13L18,18,13,614677.35,9577714.187,104.8333333,0.9587748585,0.04122514153,0,0,10947.57126,18962.66017,25.56372045
C14L18,18,14,619677.35,9577714.187,100.32,1,0,0,0,11204.59494,17651.80372,25.56372045
C15L18,18,15,624677.35,9577714.187,94.96666667,1,0,0,0,9414.672404,17708.46883,25.56372045
C16L18,18,16,629677.35,9577714.187,100.48,0.994193642,0.005806357962,0,0,7760.73421,17161.84346,27.15586428
C17L18,18,17,634677.35,9577714.187,97.33333333,0.9717441193,0.02825588067,0,0,4975.714482,15904.6544,28.87007466
C18L18,18,18,639677.35,9577714.187,86.92,0.983016403,0.01698359704,0,0,3353.02818,16167.47329,29.34978796
C19L18,18,19,644677.35,9577714.187,94,0.9229205981,0.07707940195,0,0,4005.306788,17883.41,29.34978796
C20L18,18,20,649677.35,9577714.187,79.66666667,0.7763912794,0.2236087206,0,0,6227.589985,15166.48086,29.34978796
C21L18,18,21,654677.35,9577714.187,52.32,0.5861518363,0.4138481637,0,0,10543.2685,10316.20232,29.34978796
C22L18,18,22,659677.35,9577714.187,37.16666667,0.7686166352,0.2204964436,0.01088692118,0,8792.766494,5729.390813,29.34978796
C23L18,18,23,664677.35,9577714.187,2.2,0.1563396443,0.09308663224,0.7505737235,0,4725.030653,3037.730702,283.1012466
C24L18,18,24,669677.35,9577714.187,43.72,0.6793438816,0.2445928291,0.0760632893,0,4164.0229,1770.882539,2298.154109
C25L18,18,25,674677.35,9577714.187,45.26666667,0.7645521846,0.2354478154,0,0,1832.240504,1771.20104,117.7290171
C26L18,18,26,679677.35,9577714.187,25.96,0.8298909925,0.1675272519,0.002581755594,0,2312.378584,3875.685795,117.004464
C27L18,18,27,684677.35,9577714.187,23.93333333,0.9757584555,0.02424154449,0,0,7030.392385,1684.051733,58.83898569
C28L18,18,28,689677.35,9577714.187,47.72,1,0,0,0,11979.38811,5068.751039,47.02921539
C29L18,18,29,694677.35,9577714.187,52.52,0.9945496271,0.00545037292,0,0,16958.33311,9927.156892,47.02921539
C30L18,18,30,699677.35,9577714.187,78.15,0.9811320755,0,0,0.01886792453,21946.85363,14879.6724,29.66249486
C00L19,19,0,549677.35,9582714.187,62.44,0.9682539683,0,0,0.03174603175,36167.08114,1898.50269,245.4772874
C01L19,19,1,554677.35,9582714.187,54.76666667,0.9682539683,0,0,0.03174603175,32163.8806,1665.879904,18.75035233
C02L19,19,2,559677.35,9582714.187,59.16,0.9682539683,0,0,0.03174603175,28477.58192,3454.147168,18.76212239
C03L19,19,3,564677.35,9582714.187,65.63333333,0.9682539683,0,0,0.03174603175,25247.37865,8431.317184,18.77389245
C04L19,19,4,569677.35,9582714.187,65.68,0.9682539683,0,0,0.03174603175,22669.08876,13425.4641,18.78566251
C05L19,19,5,574677.35,9582714.187,55.93333333,0.9682539683,0,0,0.03174603175,20984.39997,18422.78652,18.79743257
C06L19,19,6,579677.35,9582714.187,60.88,0.9682539683,0,0,0.03174603175,20415.74144,23421.25189,18.80920263
C07L19,19,7,584677.35,9582714.187,66.84,0.9682539683,0,0,0.03174603175,21053.7397,28420.25715,18.82097269
C08L19,19,8,589677.35,9582714.187,75.13333333,0.9682539683,0,0,0.03174603175,20971.8693,25640.47123,18.83274275
C09L19,19,9,594677.35,9582714.187,80.08,0.9682539683,0,0,0.03174603175,17193.09031,23152.3515,18.84451281
C10L19,19,10,599677.35,9582714.187,82.23333333,0.9682539683,0,0,0.03174603175,14191.03264,21555.25446,18.85628287
C11L19,19,11,604677.35,9582714.187,90.88,0.9682539683,0,0,0.03174603175,12536.68458,21052.94777,18.86805293
C12L19,19,12,609677.35,9582714.187,90.04,0.9818320903,0,0,0.01816790973,12765.24629,21721.51525,18.87982299
C13L19,19,13,614677.35,9582714.187,95.23333333,0.9795371964,0.004589787722,0,0.01587301587,14789.67767,23461.07073,18.89159305
C14L19,19,14,619677.35,9582714.187,84.92,0.9841269841,0,0,0.01587301587,15618.37682,22618.57317,18.90336311
C15L19,19,15,624677.35,9582714.187,88.56666667,0.9841269841,0,0,0.01587301587,14388.42602,22662.82299,18.91513317
C16L19,19,16,629677.35,9582714.187,94.36,0.9841269841,0,0,0.01587301587,11570.29984,21856.57368,18.92690323
C17L19,19,17,634677.35,9582714.187,97.6,0.9841269841,0,0,0.01587301587,9383.563305,20883.94057,19.75596529
C18L19,19,18,639677.35,9582714.187,89.56,0.9841269841,0,0,0.01587301587,8261.767017,21084.78443,21.75706369
C19L19,19,19,644677.35,9582714.187,103,0.9841269841,0,0,0.01587301587,8724.529373,19956.8362,21.77057693
C20L19,19,20,649677.35,9582714.187,78.8,0.8403250189,0.1438019652,0,0.01587301587,10207.90297,14989.23613,21.78409018
C21L19,19,21,654677.35,9582714.187,72.16,0.8223369669,0.1617900172,0,0.01587301587,13288.29999,10053.80966,21.79760342
C22L19,19,22,659677.35,9582714.187,69.16666667,0.8129661503,0.1711608338,0,0.01587301587,11782.53966,5242.230187,21.81111666
C23L19,19,23,664677.35,9582714.187,17.48,0.6249055178,0.2001133787,0.1591080877,0.01587301587,9156.495671,1970.498939,21.82462991
C24L19,19,24,669677.35,9582714.187,6.16,0.314400459,0.07152419201,0.5982023331,0.01587301587,7274.7047,5503.15862,73.72511315
C25L19,19,25,674677.35,9582714.187,18.56666667,0.5108051253,0.2767259514,0.1965959074,0.01587301587,2758.529613,3282.949198,87.65232736
C26L19,19,26,679677.35,9582714.187,24.72,0.8250188964,0.1553287982,0.003779289494,0.01587301587,3506.799507,2514.316861,66.68350757
C27L19,19,27,684677.35,9582714.187,38.86666667,0.8353413655,0.1487856187,0,0.01587301587,8184.485319,3489.78675,35.23104419
C28L19,19,28,689677.35,9582714.187,54.16,0.9759036145,0.008223369669,0,0.01587301587,13102.44088,8209.491151,35.07939505
C29L19,19,29,694677.35,9582714.187,76,0.9841269841,0,0,0.01587301587,18045.77123,11842.80169,35.10104827
C30L19,19,30,699677.35,9582714.187,87.95,0.9655585505,0,0,0.03444144954,22797.56964,16220.60907,22.13865319
