id,row,col,cx,cy,defor_mode
C00L00,0,0,549677.35,9487714.187,7
C01L00,0,1,554677.35,9487714.187,7
C02L00,0,2,559677.35,9487714.187,7
C03L00,0,3,564677.35,9487714.187,7
C04L00,0,4,569677.35,9487714.187,7
C05L00,0,5,574677.35,9487714.187,167
C06L00,0,6,579677.35,9487714.187,7
C07L00,0,7,584677.35,9487714.187,7
C08L00,0,8,589677.35,9487714.187,7
C09L00,0,9,594677.35,9487714.187,7
C10L00,0,10,599677.35,9487714.187,7
C11L00,0,11,604677.35,9487714.187,7
C12L00,0,12,609677.35,9487714.187,7
C13L00,0,13,614677.35,9487714.187,7
C14L00,0,14,619677.35,9487714.187,7
C15L00,0,15,624677.35,9487714.187,7
C16L00,0,16,629677.35,9487714.187,7
C17L00,0,17,634677.35,9487714.187,7
C18L00,0,18,639677.35,9487714.187,7
C19L00,0,19,644677.35,9487714.187,7
C20L00,0,20,649677.35,9487714.187,7
C21L00,0,21,654677.35,9487714.187,7
C22L00,0,22,659677.35,9487714.187,7
C23L00,0,23,664677.35,9487714.187,7
C24L00,0,24,669677.35,9487714.187,7
C25L00,0,25,674677.35,9487714.187,7
C26L00,0,26,679677.35,9487714.187,7
C27L00,0,27,684677.35,9487714.187,7
C28L00,0,28,689677.35,9487714.187,7
C29L00,0,29,694677.35,9487714.187,7
C30L00,0,30,699677.35,9487714.187,7
C00L01,1,0,549677.35,9492714.187,7
C01L01,1,1,554677.35,9492714.187,7
C02L01,1,2,559677.35,9492714.187,7
C03L01,1,3,564677.35,9492714.187,7
C04L01,1,4,569677.35,9492714.187,7
C05L01,1,5,574677.35,9492714.187,7
C06L01,1,6,579677.35,9492714.187,167
C07L01,1,7,584677.35,9492714.187,7
C08L01,1,8,589677.35,9492714.187,7
C09L01,1,9,594677.35,9492714.187,7
C10L01,1,10,599677.35,9492714.187,7
C11L01,1,11,604677.35,9492714.187,7
C12L01,1,12,609677.35,9492714.187,7
C13L01,1,13,614677.35,9492714.187,7
C14L01,1,14,619677.35,9492714.187,7
C15L01,1,15,624677.35,9492714.187,7
C16L01,1,16,629677.35,9492714.187,7
C17L01,1,17,634677.35,9492714.187,7
C18L01,1,18,639677.35,9492714.187,7
C19L01,1,19,644677.35,9492714.187,7
C20L01,1,20,649677.35,9492714.187,7
C21L01,1,21,654677.35,9492714.187,7
C22L01,1,22,659677.35,9492714.187,7
C23L01,1,23,664677.35,9492714.187,7
C24L01,1,24,669677.35,9492714.187,7
C25L01,1,25,674677.35,9492714.187,7
C26L01,1,26,679677.35,9492714.187,7
C27L01,1,27,684677.35,9492714.187,7
C28L01,1,28,689677.35,9492714.187,7
C29L01,1,29,694677.35,9492714.187,7
C30L01,1,30,699677.35,9492714.187,7
C00L02,2,0,549677.35,9497714.187,7
C01L02,2,1,554677.35,9497714.187,7
C02L02,2,2,559677.35,9497714.187,7
C03L02,2,3,564677.35,9497714.187,7
C04L02,2,4,569677.35,9497714.187,7
C05L02,2,5,574677.35,9497714.187,7
C06L02,2,6,579677.35,9497714.187,167
C07L02,2,7,584677.35,9497714.187,7
C08L02,2,8,589677.35,9497714.187,7
C09L02,2,9,594677.35,9497714.187,7
C10L02,2,10,599677.35,9497714.187,7
C11L02,2,11,604677.35,9497714.187,7
C12L02,2,12,609677.35,9497714.187,7
C13L02,2,13,614677.35,9497714.187,7
C14L02,2,14,619677.35,9497714.187,7
C15L02,2,15,624677.35,9497714.187,7
C16L02,2,16,629677.35,9497714.187,7
C17L02,2,17,634677.35,9497714.187,7
C18L02,2,18,639677.35,9497714.187,7
C19L02,2,19,644677.35,9497714.187,7
C20L02,2,20,649677.35,9497714.187,7
C21L02,2,21,654677.35,9497714.187,7
C22L02,2,22,659677.35,9497714.187,7
C23L02,2,23,664677.35,9497714.187,7
C24L02,2,24,669677.35,9497714.187,7
C25L02,2,25,674677.35,9497714.187,7
C26L02,2,26,679677.35,9497714.187,7
C27L02,2,27,684677.35,9497714.187,7
C28L02,2,28,689677.35,9497714.187,7
C29L02,2,29,694677.35,9497714.187,7
C30L02,2,30,699677.35,9497714.187,7
C00L03,3,0,549677.35,9502714.187,7
C01L03,3,1,554677.35,9502714.187,7
C02L03,3,2,559677.35,9502714.187,7
C03L03,3,3,564677.35,9502714.187,7
C04L03,3,4,569677.35,9502714.187,7
C05L03,3,5,574677.35,9502714.187,7
C06L03,3,6,579677.35,9502714.187,7
C07L03,3,7,584677.35,9502714.187,7
C08L03,3,8,589677.35,9502714.187,7
C09L03,3,9,594677.35,9502714.187,7
C10L03,3,10,599677.35,9502714.187,7
C11L03,3,11,604677.35,9502714.187,7
C12L03,3,12,609677.35,9502714.187,7
C13L03,3,13,614677.35,9502714.187,7
C14L03,3,14,619677.35,9502714.187,7
C15L03,3,15,624677.35,9502714.187,87
C16L03,3,16,629677.35,9502714.187,7
C17L03,3,17,634677.35,9502714.187,7
C18L03,3,18,639677.35,9502714.187,7
C19L03,3,19,644677.35,9502714.187,7
C20L03,3,20,649677.35,9502714.187,7
C21L03,3,21,654677.35,9502714.187,7
C22L03,3,22,659677.35,9502714.187,7
C23L03,3,23,664677.35,9502714.187,7
C24L03,3,24,669677.35,9502714.187,7
C25L03,3,25,674677.35,9502714.187,7
C26L03,3,26,679677.35,9502714.187,7
C27L03,3,27,684677.35,9502714.187,7
C28L03,3,28,689677.35,9502714.187,7
C29L03,3,29,694677.35,9502714.187,7
C30L03,3,30,699677.35,9502714.187,7
C00L04,4,0,549677.35,9507714.187,7
C01L04,4,1,554677.35,9507714.187,7
C02L04,4,2,559677.35,9507714.187,7
C03L04,4,3,564677.35,9507714.187,7
C04L04,4,4,569677.35,9507714.187,7
C05L04,4,5,574677.35,9507714.187,7
C06L04,4,6,579677.35,9507714.187,7
C07L04,4,7,584677.35,9507714.187,7
C08L04,4,8,589677.35,9507714.187,7
C09L04,4,9,594677.35,9507714.187,7
C10L04,4,10,599677.35,9507714.187,7
C11L04,4,11,604677.35,9507714.187,7
C12L04,4,12,609677.35,9507714.187,7
C13L04,4,13,614677.35,9507714.187,7
C14L04,4,14,619677.35,9507714.187,7
C15L04,4,15,624677.35,9507714.187,87
C16L04,4,16,629677.35,9507714.187,87
C17L04,4,17,634677.35,9507714.187,87
C18L04,4,18,639677.35,9507714.187,7
C19L04,4,19,644677.35,9507714.187,7
C20L04,4,20,649677.35,9507714.187,7
C21L04,4,21,654677.35,9507714.187,7
C22L04,4,22,659677.35,9507714.187,7
C23L04,4,23,664677.35,9507714.187,7
C24L04,4,24,669677.35,9507714.187,7
C25L04,4,25,674677.35,9507714.187,7
C26L04,4,26,679677.35,9507714.187,7
C27L04,4,27,684677.35,9507714.187,7
C28L04,4,28,689677.35,9507714.187,7
C29L04,4,29,694677.35,9507714.187,7
C30L04,4,30,699677.35,9507714.187,7
C00L05,5,0,549677.35,9512714.187,7
C01L05,5,1,554677.35,9512714.187,7
C02L05,5,2,559677.35,9512714.187,7
C03L05,5,3,564677.35,9512714.187,7
C04L05,5,4,569677.35,9512714.187,7
C05L05,5,5,574677.35,9512714.187,7
C06L05,5,6,579677.35,9512714.187,87
C07L05,5,7,584677.35,9512714.187,7
C08L05,5,8,589677.35,9512714.187,7
C09L05,5,9,594677.35,9512714.187,7
C10L05,5,10,599677.35,9512714.187,87
C11L05,5,11,604677.35,9512714.187,87
C12L05,5,12,609677.35,9512714.187,87
C13L05,5,13,614677.35,9512714.187,87
C14L05,5,14,619677.35,9512714.187,87
C15L05,5,15,624677.35,9512714.187,87
C16L05,5,16,629677.35,9512714.187,87
C17L05,5,17,634677.35,9512714.187,87
C18L05,5,18,639677.35,9512714.187,7
C19L05,5,19,644677.35,9512714.187,7
C20L05,5,20,649677.35,9512714.187,7
C21L05,5,21,654677.35,9512714.187,7
C22L05,5,22,659677.35,9512714.187,7
C23L05,5,23,664677.35,9512714.187,7
C24L05,5,24,669677.35,9512714.187,7
C25L05,5,25,674677.35,9512714.187,7
C26L05,5,26,679677.35,9512714.187,7
C27L05,5,27,684677.35,9512714.187,7
C28L05,5,28,689677.35,9512714.187,7
C29L05,5,29,694677.35,9512714.187,7
C30L05,5,30,699677.35,9512714.187,7
C00L06,6,0,549677.35,9517714.187,7
C01L06,6,1,554677.35,9517714.187,7
C02L06,6,2,559677.35,9517714.187,7
C03L06,6,3,564677.35,9517714.187,7
C04L06,6,4,569677.35,9517714.187,7
C05L06,6,5,574677.35,9517714.187,7
C06L06,6,6,579677.35,9517714.187,87
C07L06,6,7,584677.35,9517714.187,87
C08L06,6,8,589677.35,9517714.187,167
C09L06,6,9,594677.35,9517714.187,87
C10L06,6,10,599677.35,9517714.187,7
C11L06,6,11,604677.35,9517714.187,7
C12L06,6,12,609677.35,9517714.187,87
C13L06,6,13,614677.35,9517714.187,87
C14L06,6,14,619677.35,9517714.187,7
C15L06,6,15,624677.35,9517714.187,87
C16L06,6,16,629677.35,9517714.187,87
C17L06,6,17,634677.35,9517714.187,87
C18L06,6,18,639677.35,9517714.187,87
C19L06,6,19,644677.35,9517714.187,7
C20L06,6,20,649677.35,9517714.187,7
C21L06,6,21,654677.35,9517714.187,7
C22L06,6,22,659677.35,9517714.187,7
C23L06,6,23,664677.35,9517714.187,7
C24L06,6,24,669677.35,9517714.187,7
C25L06,6,25,674677.35,9517714.187,7
C26L06,6,26,679677.35,9517714.187,7
C27L06,6,27,684677.35,9517714.187,7
C28L06,6,28,689677.35,9517714.187,7
C29L06,6,29,694677.35,9517714.187,7
C30L06,6,30,699677.35,9517714.187,7
C00L07,7,0,549677.35,9522714.187,7
C01L07,7,1,554677.35,9522714.187,7
C02L07,7,2,559677.35,9522714.187,7
C03L07,7,3,564677.35,9522714.187,7
C04L07,7,4,569677.35,9522714.187,7
C05L07,7,5,574677.35,9522714.187,7
C06L07,7,6,579677.35,9522714.187,7
C07L07,7,7,584677.35,9522714.187,7
C08L07,7,8,589677.35,9522714.187,87
C09L07,7,9,594677.35,9522714.187,87
C10L07,7,10,599677.35,9522714.187,87
C11L07,7,11,604677.35,9522714.187,167
C12L07,7,12,609677.35,9522714.187,7
C13L07,7,13,614677.35,9522714.187,87
C14L07,7,14,619677.35,9522714.187,87
C15L07,7,15,624677.35,9522714.187,87
C16L07,7,16,629677.35,9522714.187,7
C17L07,7,17,634677.35,9522714.187,87
C18L07,7,18,639677.35,9522714.187,87
C19L07,7,19,644677.35,9522714.187,87
C20L07,7,20,649677.35,9522714.187,7
C21L07,7,21,654677.35,9522714.187,7
C22L07,7,22,659677.35,9522714.187,7
C23L07,7,23,664677.35,9522714.187,7
C24L07,7,24,669677.35,9522714.187,7
C25L07,7,25,674677.35,9522714.187,7
C26L07,7,26,679677.35,9522714.187,7
C27L07,7,27,684677.35,9522714.187,7
C28L07,7,28,689677.35,9522714.187,7
C29L07,7,29,694677.35,9522714.187,7
C30L07,7,30,699677.35,9522714.187,7
C00L08,8,0,549677.35,9527714.187,7
C01L08,8,1,554677.35,9527714.187,7
C02L08,8,2,559677.35,9527714.187,7
C03L08,8,3,564677.35,9527714.187,7
C04L08,8,4,569677.35,9527714.187,7
C05L08,8,5,574677.35,9527714.187,7
C06L08,8,6,579677.35,9527714.187,7
C07L08,8,7,584677.35,9527714.187,7
C08L08,8,8,589677.35,9527714.187,87
C09L08,8,9,594677.35,9527714.187,87
C10L08,8,10,599677.35,9527714.187,87
C11L08,8,11,604677.35,9527714.187,87
C12L08,8,12,609677.35,9527714.187,87
C13L08,8,13,614677.35,9527714.187,167
C14L08,8,14,619677.35,9527714.187,87
C15L08,8,15,624677.35,9527714.187,7
C16L08,8,16,629677.35,9527714.187,7
C17L08,8,17,634677.35,9527714.187,7
C18L08,8,18,639677.35,9527714.187,87
C19L08,8,19,644677.35,9527714.187,87
C20L08,8,20,649677.35,9527714.187,87
C21L08,8,21,654677.35,9527714.187,7
C22L08,8,22,659677.35,9527714.187,7
C23L08,8,23,664677.35,9527714.187,7
C24L08,8,24,669677.35,9527714.187,7
C25L08,8,25,674677.35,9527714.187,7
C26L08,8,26,679677.35,9527714.187,7
C27L08,8,27,684677.35,9527714.187,87
C28L08,8,28,689677.35,9527714.187,7
C29L08,8,29,694677.35,9527714.187,7
C30L08,8,30,699677.35,9527714.187,7
C00L09,9,0,549677.35,9532714.187,7
C01L09,9,1,554677.35,9532714.187,7
C02L09,9,2,559677.35,9532714.187,7
C03L09,9,3,564677.35,9532714.187,7
C04L09,9,4,569677.35,9532714.187,7
C05L09,9,5,574677.35,9532714.187,7
C06L09,9,6,579677.35,9532714.187,7
C07L09,9,7,584677.35,9532714.187,87
C08L09,9,8,589677.35,9532714.187,87
C09L09,9,9,594677.35,9532714.187,87
C10L09,9,10,599677.35,9532714.187,87
C11L09,9,11,604677.35,9532714.187,87
C12L09,9,12,609677.35,9532714.187,87
C13L09,9,13,614677.35,9532714.187,87
C14L09,9,14,619677.35,9532714.187,167
C15L09,9,15,624677.35,9532714.187,167
C16L09,9,16,629677.35,9532714.187,87
C17L09,9,17,634677.35,9532714.187,7
C18L09,9,18,639677.35,9532714.187,7
C19L09,9,19,644677.35,9532714.187,7
C20L09,9,20,649677.35,9532714.187,87
C21L09,9,21,654677.35,9532714.187,87
C22L09,9,22,659677.35,9532714.187,87
C23L09,9,23,664677.35,9532714.187,7
C24L09,9,24,669677.35,9532714.187,7
C25L09,9,25,674677.35,9532714.187,7
C26L09,9,26,679677.35,9532714.187,7
C27L09,9,27,684677.35,9532714.187,87
C28L09,9,28,689677.35,9532714.187,7
C29L09,9,29,694677.35,9532714.187,7
C30L09,9,30,699677.35,9532714.187,7
C00L10,10,0,549677.35,9537714.187,7
C01L10,10,1,554677.35,9537714.187,7
C02L10,10,2,559677.35,9537714.187,7
C03L10,10,3,564677.35,9537714.187,7
C04L10,10,4,569677.35,9537714.187,7
C05L10,10,5,574677.35,9537714.187,7
C06L10,10,6,579677.35,9537714.187,7
C07L10,10,7,584677.35,9537714.187,7
C08L10,10,8,589677.35,9537714.187,7
C09L10,10,9,594677.35,9537714.187,87
C10L10,10,10,599677.35,9537714.187,87
C11L10,10,11,604677.35,9537714.187,87
C12L10,10,12,609677.35,9537714.187,87
C13L10,10,13,614677.35,9537714.187,87
C14L10,10,14,619677.35,9537714.187,87
C15L10,10,15,624677.35,9537714.187,7
C16L10,10,16,629677.35,9537714.187,167
C17L10,10,17,634677.35,9537714.187,87
C18L10,10,18,639677.35,9537714.187,87
C19L10,10,19,644677.35,9537714.187,7
C20L10,10,20,649677.35,9537714.187,7
C21L10,10,21,654677.35,9537714.187,7
C22L10,10,22,659677.35,9537714.187,87
C23L10,10,23,664677.35,9537714.187,87
C24L10,10,24,669677.35,9537714.187,87
C25L10,10,25,674677.35,9537714.187,7
C26L10,10,26,679677.35,9537714.187,87
C27L10,10,27,684677.35,9537714.187,87
C28L10,10,28,689677.35,9537714.187,7
C29L10,10,29,694677.35,9537714.187,87
C30L10,10,30,699677.35,9537714.187,7
C00L11,11,0,549677.35,9542714.187,7
C01L11,11,1,554677.35,9542714.187,7
C02L11,11,2,559677.35,9542714.187,7
C03L11,11,3,564677.35,9542714.187,7
C04L11,11,4,569677.35,9542714.187,7
C05L11,11,5,574677.35,9542714.187,7
C06L11,11,6,579677.35,9542714.187,7
C07L11,11,7,584677.35,9542714.187,7
C08L11,11,8,589677.35,9542714.187,7
C09L11,11,9,594677.35,9542714.187,87
C10L11,11,10,599677.35,9542714.187,87
C11L11,11,11,604677.35,9542714.187,87
C12L11,11,12,609677.35,9542714.187,87
C13L11,11,13,614677.35,9542714.187,87
C14L11,11,14,619677.35,9542714.187,87
C15L11,11,15,624677.35,9542714.187,87
C16L11,11,16,629677.35,9542714.187,7
C17L11,11,17,634677.35,9542714.187,167
C18L11,11,18,639677.35,9542714.187,167
C19L11,11,19,644677.35,9542714.187,87
C20L11,11,20,649677.35,9542714.187,7
C21L11,11,21,654677.35,9542714.187,7
C22L11,11,22,659677.35,9542714.187,7
C23L11,11,23,664677.35,9542714.187,7
C24L11,11,24,669677.35,9542714.187,7
C25L11,11,25,674677.35,9542714.187,7
C26L11,11,26,679677.35,9542714.187,7
C27L11,11,27,684677.35,9542714.187,7
C28L11,11,28,689677.35,9542714.187,7
C29L11,11,29,694677.35,9542714.187,87
C30L11,11,30,699677.35,9542714.187,87
C00L12,12,0,549677.35,9547714.187,7
C01L12,12,1,554677.35,9547714.187,7
C02L12,12,2,559677.35,9547714.187,7
C03L12,12,3,564677.35,9547714.187,7
C04L12,12,4,569677.35,9547714.187,7
C05L12,12,5,574677.35,9547714.187,7
C06L12,12,6,579677.35,9547714.187,7
C07L12,12,7,584677.35,9547714.187,7
C08L12,12,8,589677.35,9547714.187,7
C09L12,12,9,594677.35,9547714.187,87
C10L12,12,10,599677.35,9547714.187,87
C11L12,12,11,604677.35,9547714.187,87
C12L12,12,12,609677.35,9547714.187,87
C13L12,12,13,614677.35,9547714.187,87
C14L12,12,14,619677.35,9547714.187,87
C15L12,12,15,624677.35,9547714.187,87
C16L12,12,16,629677.35,9547714.187,87
C17L12,12,17,634677.35,9547714.187,87
C18L12,12,18,639677.35,9547714.187,7
C19L12,12,19,644677.35,9547714.187,167
C20L12,12,20,649677.35,9547714.187,167
C21L12,12,21,654677.35,9547714.187,87
C22L12,12,22,659677.35,9547714.187,7
C23L12,12,23,664677.35,9547714.187,7
C24L12,12,24,669677.35,9547714.187,7
C25L12,12,25,674677.35,9547714.187,7
C26L12,12,26,679677.35,9547714.187,7
C27L12,12,27,684677.35,9547714.187,7
C28L12,12,28,689677.35,9547714.187,7
C29L12,12,29,694677.35,9547714.187,7
C30L12,12,30,699677.35,9547714.187,7
C00L13,13,0,549677.35,9552714.187,7
C01L13,13,1,554677.35,9552714.187,7
C02L13,13,2,559677.35,9552714.187,7
C03L13,13,3,564677.35,9552714.187,7
C04L13,13,4,569677.35,9552714.187,7
C05L13,13,5,574677.35,9552714.187,7
C06L13,13,6,579677.35,9552714.187,7
C07L13,13,7,584677.35,9552714.187,7
C08L13,13,8,589677.35,9552714.187,7
C09L13,13,9,594677.35,9552714.187,7
C10L13,13,10,599677.35,9552714.187,7
C11L13,13,11,604677.35,9552714.187,7
C12L13,13,12,609677.35,9552714.187,7
C13L13,13,13,614677.35,9552714.187,87
C14L13,13,14,619677.35,9552714.187,87
C15L13,13,15,624677.35,9552714.187,87
C16L13,13,16,629677.35,9552714.187,87
C17L13,13,17,634677.35,9552714.187,7
C18L13,13,18,639677.35,9552714.187,87
C19L13,13,19,644677.35,9552714.187,7
C20L13,13,20,649677.35,9552714.187,7
C21L13,13,21,654677.35,9552714.187,167
C22L13,13,22,659677.35,9552714.187,87
C23L13,13,23,664677.35,9552714.187,7
C24L13,13,24,669677.35,9552714.187,7
C25L13,13,25,674677.35,9552714.187,7
C26L13,13,26,679677.35,9552714.187,7
C27L13,13,27,684677.35,9552714.187,7
C28L13,13,28,689677.35,9552714.187,7
C29L13,13,29,694677.35,9552714.187,7
C30L13,13,30,699677.35,9552714.187,7
C00L14,14,0,549677.35,9557714.187,7
C01L14,14,1,554677.35,9557714.187,7
C02L14,14,2,559677.35,9557714.187,7
C03L14,14,3,564677.35,9557714.187,7
C04L14,14,4,569677.35,9557714.187,7
C05L14,14,5,574677.35,9557714.187,7
C06L14,14,6,579677.35,9557714.187,7
C07L14,14,7,584677.35,9557714.187,7
C08L14,14,8,589677.35,9557714.187,7
C09L14,14,9,594677.35,9557714.187,7
C10L14,14,10,599677.35,9557714.187,7
C11L14,14,11,604677.35,9557714.187,7
C12L14,14,12,609677.35,9557714.187,7
C13L14,14,13,614677.35,9557714.187,7
C14L14,14,14,619677.35,9557714.187,7
C15L14,14,15,624677.35,9557714.187,87
C16L14,14,16,629677.35,9557714.187,87
C17L14,14,17,634677.35,9557714.187,87
C18L14,14,18,639677.35,9557714.187,7
C19L14,14,19,644677.35,9557714.187,7
C20L14,14,20,649677.35,9557714.187,7
C21L14,14,21,654677.35,9557714.187,167
C22L14,14,22,659677.35,9557714.187,7
C23L14,14,23,664677.35,9557714.187,7
C24L14,14,24,669677.35,9557714.187,7
C25L14,14,25,674677.35,9557714.187,7
C26L14,14,26,679677.35,9557714.187,7
C27L14,14,27,684677.35,9557714.187,7
C28L14,14,28,689677.35,9557714.187,7
C29L14,14,29,694677.35,9557714.187,7
C30L14,14,30,699677.35,9557714.187,7
C00L15,15,0,549677.35,9562714.187,7
C01L15,15,1,554677.35,9562714.187,7
C02L15,15,2,559677.35,9562714.187,7
C03L15,15,3,564677.35,9562714.187,7
C04L15,15,4,569677.35,9562714.187,7
C05L15,15,5,574677.35,9562714.187,7
C06L15,15,6,579677.35,9562714.187,7
C07L15,15,7,584677.35,9562714.187,7
C08L15,15,8,589677.35,9562714.187,7
C09L15,15,9,594677.35,9562714.187,7
C10L15,15,10,599677.35,9562714.187,7
C11L15,15,11,604677.35,9562714.187,7
C12L15,15,12,609677.35,9562714.187,7
C13L15,15,13,614677.35,9562714.187,7
C14L15,15,14,619677.35,9562714.187,7
C15L15,15,15,624677.35,9562714.187,7
C16L15,15,16,629677.35,9562714.187,7
C17L15,15,17,634677.35,9562714.187,7
C18L15,15,18,639677.35,9562714.187,7
C19L15,15,19,644677.35,9562714.187,87
C20L15,15,20,649677.35,9562714.187,87
C21L15,15,21,654677.35,9562714.187,87
C22L15,15,22,659677.35,9562714.187,167
C23L15,15,23,664677.35,9562714.187,7
C24L15,15,24,669677.35,9562714.187,7
C25L15,15,25,674677.35,9562714.187,7
C26L15,15,26,679677.35,9562714.187,7
C27L15,15,27,684677.35,9562714.187,7
C28L15,15,28,689677.35,9562714.187,7
C29L15,15,29,694677.35,9562714.187,7
C30L15,15,30,699677.35,9562714.187,7
C00L16,16,0,549677.35,9567714.187,7
C01L16,16,1,554677.35,9567714.187,7
C02L16,16,2,559677.35,9567714.187,7
C03L16,16,3,564677.35,9567714.187,7
C04L16,16,4,569677.35,9567714.187,7
C05L16,16,5,574677.35,9567714.187,7
C06L16,16,6,579677.35,9567714.187,7
C07L16,16,7,584677.35,9567714.187,7
C08L16,16,8,589677.35,9567714.187,7
C09L16,16,9,594677.35,9567714.187,7
C10L16,16,10,599677.35,9567714.187,7
C11L16,16,11,604677.35,9567714.187,7
C12L16,16,12,609677.35,9567714.187,7
C13L16,16,13,614677.35,9567714.187,7
C14L16,16,14,619677.35,9567714.187,7
C15L16,16,15,624677.35,9567714.187,7
C16L16,16,16,629677.35,9567714.187,7
C17L16,16,17,634677.35,9567714.187,7
C18L16,16,18,639677.35,9567714.187,7
C19L16,16,19,644677.35,9567714.187,7
C20L16,16,20,649677.35,9567714.187,87
C21L16,16,21,654677.35,9567714.187,87
C22L16,16,22,659677.35,9567714.187,167
C23L16,16,23,664677.35,9567714.187,7
C24L16,16,24,669677.35,9567714.187,7
C25L16,16,25,674677.35,9567714.187,7
C26L16,16,26,679677.35,9567714.187,7
C27L16,16,27,684677.35,9567714.187,7
C28L16,16,28,689677.35,9567714.187,7
C29L16,16,29,694677.35,9567714.187,7
C30L16,16,30,699677.35,9567714.187,7
C00L17,17,0,549677.35,9572714.187,7
C01L17,17,1,554677.35,9572714.187,7
C02L17,17,2,559677.35,9572714.187,7
C03L17,17,3,564677.35,9572714.187,7
C04L17,17,4,569677.35,9572714.187,7
C05L17,17,5,574677.35,9572714.187,7
C06L17,17,6,579677.35,9572714.187,7
C07L17,17,7,584677.35,9572714.187,7
C08L17,17,8,589677.35,9572714.187,7
C09L17,17,9,594677.35,9572714.187,7
C10L17,17,10,599677.35,9572714.187,7
C11L17,17,11,604677.35,9572714.187,7
C12L17,17,12,609677.35,9572714.187,7
C13L17,17,13,614677.35,9572714.187,7
C14L17,17,14,619677.35,9572714.187,7
C15L17,17,15,624677.35,9572714.187,7
C16L17,17,16,629677.35,9572714.187,7
C17L17,17,17,634677.35,9572714.187,7
C18L17,17,18,639677.35,9572714.187,7
C19L17,17,19,644677.35,9572714.187,7
C20L17,17,20,649677.35,9572714.187,7
C21L17,17,21,654677.35,9572714.187,7
C22L17,17,22,659677.35,9572714.187,167
C23L17,17,23,664677.35,9572714.187,7
C24L17,17,24,669677.35,9572714.187,87
C25L17,17,25,674677.35,9572714.187,7
C26L17,17,26,679677.35,9572714.187,7
C27L17,17,27,684677.35,9572714.187,7
C28L17,17,28,689677.35,9572714.187,7
C29L17,17,29,694677.35,9572714.187,7
C30L17,17,30,699677.35,9572714.187,7
C00L18,18,0,549677.35,9577714.187,7
C01L18,18,1,554677.35,9577714.187,7
C02L18,18,2,559677.35,9577714.187,7
C03L18,18,3,564677.35,9577714.187,7
C04L18,18,4,569677.35,9577714.187,7
C05L18,18,5,574677.35,9577714.187,7
C06L18,18,6,579677.35,9577714.187,7
C07L18,18,7,584677.35,9577714.187,7
C08L18,18,8,589677.35,9577714.187,7
C09L18,18,9,594677.35,9577714.187,7
C10L18,18,10,599677.35,9577714.187,7
C11L18,18,11,604677.35,9577714.187,7
C12L18,18,12,609677.35,9577714.187,7
C13L18,18,13,614677.35,9577714.187,7
C14L18,18,14,619677.35,9577714.187,7
C15L18,18,15,624677.35,9577714.187,7
C16L18,18,16,629677.35,9577714.187,7
C17L18,18,17,634677.35,9577714.187,7
C18L18,18,18,639677.35,9577714.187,7
C19L18,18,19,644677.35,9577714.187,7
C20L18,18,20,649677.35,9577714.187,7
C21L18,18,21,654677.35,9577714.187,7
C22L18,18,22,659677.35,9577714.187,7
C23L18,18,23,664677.35,9577714.187,167
C24L18,18,24,669677.35,9577714.187,7
C25L18,18,25,674677.35,9577714.187,7
C26L18,18,26,679677.35,9577714.187,7
C27L18,18,27,684677.35,9577714.187,7
C28L18,18,28,689677.35,9577714.187,7
C29L18,18,29,694677.35,9577714.187,7
C30L18,18,30,699677.35,9577714.187,7
C00L19,19,0,549677.35,9582714.187,7
C01L19,19,1,554677.35,9582714.187,7
C02L19,19,2,559677.35,9582714.187,7
C03L19,19,3,564677.35,9582714.187,7
C04L19,19,4,569677.35,9582714.187,7
C05L19,19,5,574677.35,9582714.187,7
C06L19,19,6,579677.35,9582714.187,7
C07L19,19,7,584677.35,9582714.187,7
C08L19,19,8,589677.35,9582714.187,7
C09L19,19,9,594677.35,9582714.187,7
C10L19,19,10,599677.35,9582714.187,7
C11L19,19,11,604677.35,9582714.187,7
C12L19,19,12,609677.35,9582714.187,7
C13L19,19,13,614677.35,9582714.187,7
C14L19,19,14,619677.35,9582714.187,7
C15L19,19,15,624677.35,9582714.187,7
C16L19,19,16,629677.35,9582714.187,7
C17L19,19,17,634677.35,9582714.187,7
C18L19,19,18,639677.35,9582714.187,7
C19L19,19,19,644677.35,9582714.187,7
C20L19,19,20,649677.35,9582714.187,7
C21L19,19,21,654677.35,9582714.187,7
C22L19,19,22,659677.35,9582714.187,7
C23L19,19,23,664677.35,9582714.187,7
C24L19,19,24,669677.35,9582714.187,167
C25L19,19,25,674677.35,9582714.187,7
C26L19,19,26,679677.35,9582714.187,7
C27L19,19,27,684677.35,9582714.187,7
C28L19,19,28,689677.35,9582714.187,7
C29L19,19,29,694677.35,9582714.187,7
C30L19,19,30,699677.35,9582714.187,7
